star_rating,review_text,clean_text,vader_compound,vader_label,textblob_polarity,textblob_label,silver_label
1,"I am a big fan of the Amy's products and the soups that I have tried have been great.  I wanted to try something new and I came across this one at the store several times before finally purchasing it.  I liked the looks of the ingredients and it being a complete protien I was sure it would be a winner. YUCK!!!  Not only was it gummy but the flavor was just terrible.  I cant even put my finger on what it was but it was very unpleasant.  So I actually found a soup that was terrible, so sorry Amy but you need to change this recipe or put 100 bucks in each can for me to buy it again.<br /><br />Great soups that I have tried by Amy's<br />Lentil<br />Lenitl vegetable<br />Curried Lentil<br />Black bean<br />Southwestern vegetable",big fan amy products soups tried great wanted try something new came across one store several times finally purchasing liked looks ingredients complete protien sure would winner yuck gummy flavor terrible cant even put finger unpleasant actually found soup terrible sorry amy need change recipe put bucks buy great soups tried amy lentil lenitl vegetable curried lentil black bean southwestern vegetable,-0.4727,negative,-0.052290990259740225,negative,negative
5,"Quality chocolate with a just a hint of spice. If you're looking for a super spicy treat, you'll be disappointed. It's a chocolate bar not hot sauce.<br /><br />As always, Lindt does an excellent job of blending it's high quality chocolate with the subtle spice of chili peppers. Highly recommended for the chocolate connoisseur.",quality chocolate hint spice looking super spicy treat disappointed chocolate bar hot sauce always lindt excellent job blending high quality chocolate subtle spice chili peppers highly recommended chocolate connoisseur,0.8516,positive,0.06357142857142857,positive,positive
1,I did not know anything about chutney until I went on a known recipe cite and found out that they mix the fruit with peppers and vinegar! I thought chutney was a different form of Marmalade but I was wrong!,know anything chutney went known recipe cite found mix fruit peppers vinegar thought chutney different form marmalade wrong,-0.6941,negative,-0.3125,negative,negative
5,I craved Ramen during my pregnancy and this is a tasty AND healthy alternative to Top Ramen. I highly recommend this soup!,craved ramen pregnancy tasty healthy alternative top ramen highly recommend soup,0.7639,positive,0.39999999999999997,positive,positive
5,I live in Alaska and prices are very exspensive I saved alot money ordering this product and will be ordering again soon.,live alaska prices exspensive saved alot money ordering product ordering soon,0.4703,positive,0.16818181818181818,positive,positive
1,Clover honey with lavender flavor injected.  Not what I wanted.  I was disappointed.  This is not lavender honey.,clover honey lavender flavor injected wanted disappointed lavender honey,-0.4767,negative,-0.75,negative,negative
1,"I normally have no problem enjoying sugar free syrups, but this stuff is truly awful.  It's not sweet, and doesn't have even the slightest hint of maple flavor.",normally problem enjoying sugar free syrups stuff truly awful sweet even slightest hint maple flavor,-0.3567,negative,-0.024999999999999988,abstain,negative
4,"I am really pleased with these bars.  Too often, in my experience, Gluten-Free bars are either cardboard-like or have odd tastes.  Not so with these.  They are rich and the flavors are really nice. It's almost like eating a candy bar. They arent' huge bars, but they are quite satisfying.<br /><br />The reason I gave it 4 instead of 5 stars is that they are a bit high in calories for the size - 180 with 9g of fat.  So it's not a 100-calorie snack bar.  They do, however, provide 4% of daily iron, which is a nice plus with a snack bar.",really pleased bars often experience gluten free bars either cardboard like odd tastes rich flavors really nice almost like eating candy bar arent huge bars quite satisfying reason gave instead stars bit high calories size g fat calorie snack bar however provide daily iron nice plus snack bar,0.8232,positive,0.30854166666666666,positive,positive
5,"I was surprised how GOOD this tastes! I had previously had maple syrup that tasted much stronger -- the flavor of this syrup is about as strong as your usual grocery-store pancake syrup, except that it's a much finer and better flavor. I could eat this stuff every day, it's just delicious!",surprised good tastes previously maple syrup tasted much stronger flavor syrup strong usual grocery store pancake syrup except much finer better flavor could eat stuff every day delicious,0.956,positive,0.3212962962962963,positive,positive
1,"I am growing more and more interested in Asian food. I am almost a regular at some nearby Chinese and Japanese restaurants (unlimited snow crab legs during the weekends, yum!), and I also enjoy Nongshim noodles, especially when I am getting creative and add extras.<br />That's why I ordered this set of teriyaki chow mein. It was the first time I tried Annie Chun brand.<br />Well, what's to be said? First, the noodles looked just OK, kind of like spaghettis. Of course I can get better Mexican fideos for less, but nevermind, I thought it is worth a try. The sauce was weird looking, but the bad part was when I tasted the combination. Ugh! It tastes awful, and I believe it caused me a stomach ache that lasted until next day. I almost went to the doctor.<br /><br />I am not saying it is bad for you, but for me, with an European stomach, so much abused by the American processed food, this ""Asian"" processed food was too much. I guess you could be fine with an Asian stomach. Can someone borrow me one for the rest of the pack or should I toss it?",growing interested asian food almost regular nearby chinese japanese restaurants unlimited snow crab legs weekends yum also enjoy nongshim noodles especially getting creative add extras ordered set teriyaki chow mein first time tried annie chun brand well said first noodles looked ok kind like spaghettis course get better mexican fideos less nevermind thought worth try sauce weird looking bad part tasted combination ugh tastes awful believe caused stomach ache lasted next day almost went doctor saying bad european stomach much abused american processed food asian processed food much guess could fine asian stomach someone borrow one rest pack toss,-0.96,negative,0.07083333333333332,positive,negative
4,"these cookies are delicious, and in these individual packs, they seem to hold together better...when you purchase them in the boxes, they come in crumbles",cookies delicious individual packs seem hold together better purchase boxes come crumbles,0.5719,positive,0.5,positive,positive
5,"My 16lb. dog is a thorough but picky chewer.  She loves to chew but is very selective about what she will chew on.  She loves Nylabones.  Despite her small size she's powerful and will chew them until the ends are gone if allowed.  These are, by far, her favorite toy.",lb dog thorough picky chewer loves chew selective chew loves nylabones despite small size powerful chew ends gone allowed far favorite toy,0.9628,positive,0.16999999999999998,positive,positive
1,The package I received was torn. Only 9 were left. they did not taste fresh at all compared with the ones I got directly from Japan. It really dissapointed me.,package received torn left taste fresh compared ones got directly japan really dissapointed,-0.4519,negative,0.12000000000000002,positive,negative
5,"Living in an apartment right now, counter space is significantly limited. The small counter my wife and I have our Keurig on does not have much space at all to spare. This did the trick perfectly. Likely the most sturdy, space-saving k-cup pod holder you're going to find - not to mention one of the most affordable out there. Great buy, great product, fantastic price! The medal ""piping"" and wire mesh are all sturdy and does not seem cheap or brittle in the least.<br /><br />My ONLY complaint is completely insignificant and not worthy of deducing a star. At certain times the drawers tend to stick a little bit making me lightly shake the drawer a little bit in order for it to slide out. It's a completely minor thing; happens only occasionally, and definitely does not take away from the product itself, or its fantastic value!",living apartment right counter space significantly limited small counter wife keurig much space spare trick perfectly likely sturdy space saving k cup pod holder going find mention one affordable great buy great product fantastic price medal piping wire mesh sturdy seem cheap brittle least complaint completely insignificant worthy deducing star certain times drawers tend stick little bit making lightly shake drawer little bit order slide completely minor thing happens occasionally definitely take away product fantastic value,0.9687,positive,0.16612103174603177,positive,positive
1,"Compare to Teavana white earl grey it is ZERO vs 10. Very disappointed. Also, i didn't know i cannot return it. Now I'm stuck with lots of expensive tea that has no flavor...",compare teavana white earl grey zero vs disappointed also know cannot return stuck lots expensive tea flavor,-0.7501,negative,-0.38125000000000003,negative,negative
1,"I finally gave in and bought these expensive chews because the others we have used only last a few minutes. The package claims to provide ""hours of entertainment"" for your pet. What a ripoff! They didn't mention you would have to buy a case of these things and feed your dog a big meal of bull hide for it to last hours. I have a seventy-pound mixed breed dog, Roscoe, who is four years old. He doesn't chew for entertainment like a puppy would, but when it comes to eating, he is a real chewer. The kibble he eats is the size of puppy kibble and he thoroughly chews every bite. Well, I just gave Roscoe a bully spring and it was thoroughly chewed and eaten in under ten minutes. My seven month old puppy isn't quite as fast as him, but she too can put one away in minutes. The pig skin rolls at the supermarket last longer, and they aren't advertised and priced in a way that victimizes customers.",finally gave bought expensive chews others used last minutes package claims provide hours entertainment pet ripoff mention would buy case things feed dog big meal bull hide last hours seventy pound mixed breed dog roscoe four years old chew entertainment like puppy would comes eating real chewer kibble eats size puppy kibble thoroughly chews every bite well gave roscoe bully spring thoroughly chewed eaten ten minutes seven month old puppy quite fast put one away minutes pig skin rolls supermarket last longer advertised priced way victimizes customers,-0.6765,negative,-0.010714285714285713,abstain,negative
1,the tea buscuits expired in june 2009. they are stale. the absolute never trust these people. they will not let you return the product or replace with ones that havnt expired.  do not ever do business with this person or company,tea buscuits expired june stale absolute never trust people let return product replace ones havnt expired ever business person company,-0.4023,negative,-0.15,negative,negative
5,Have ordered many times- Can't get product in Kansas<br /><br />Fast delivery and always correct quanity etc.<br /><br />I am going to order again because the whole family enjoys this sauce,ordered many times get product kansas fast delivery always correct quanity etc going order whole family enjoys sauce,0.5106,positive,0.35,positive,positive
1,"The mix tasted terrible, no matter how much tequila and lime juice used. Yo are better off to purchase the liquid mix. I will not purchase again & do not recommend.",mix tasted terrible matter much tequila lime juice used yo better purchase liquid mix purchase recommend,-0.3365,negative,-0.10000000000000002,negative,negative
1,"Not only were they bad tasting when I got them, they WENT bad while storing in my dark, cool pantry. AND these were half the price when I got them 5 months ago...",bad tasting got went bad storing dark cool pantry half price got months ago,-0.6908,negative,-0.22777777777777775,negative,negative
1,"This is the first K-cup and Tea product from Twinings that no one enjoyed in our family. If I could have returned it, I would have after the first cup, but this item is not returnable.",first k cup tea product twinings one enjoyed family could returned would first cup item returnable,-0.3508,negative,0.3333333333333333,positive,negative
1,This is a waste of money & the machine is a waste of money.  I got all this as a gift.  If the makers weren't ripoff artists they would have made  it easy to put your own coffee in...like Keurig did.  This product is just a lot of marketing hype.  Not even remotely worth the money.,waste money machine waste money got gift makers ripoff artists would made easy put coffee like keurig product lot marketing hype even remotely worth money,-0.1195,negative,0.18666666666666668,positive,negative
1,"I ordered the filets and was disappointed especially for the prices. They were not trimmed the way they should be, again for the price. They had this silver stuff around them. Yuk!",ordered filets disappointed especially prices trimmed way price silver stuff around yuk,-0.5255,negative,-0.375,negative,negative
1,Why would anyone pay 59.99 for a case of 24 when u can buy them at your local Walmart for .99 a piece and it is the same size and ounces??,would anyone pay case u buy local walmart piece size ounces,-0.1926,negative,0.0,abstain,negative
5,"Hey Everybody:<br />I just purchased some Of Chowards sented gum recently and I looked all over the Country side for this Gum and it is hard to find in your Local Liquor stores and Mini Marts. I received it within a couple of Days from Amazon.com what a good way to shop. would Highly recommend buying this way. anyway Love the Gum it takes me back to the Younger days when we were doing a Little Parting and didn't want ""Pops"" to know what was going on. I gave some of them to my Co-Workers and they were like taste like Liquorice. It has like a flowery tast to it almost like you can't discribe what is in it till you read the back of the Box.Thank God I found them on Amazon. Oh I actually orderd 2 Cases of them. Thanks GG?",hey everybody purchased chowards sented gum recently looked country side gum hard find local liquor stores mini marts received within couple days amazon com good way shop would highly recommend buying way anyway love gum takes back younger days little parting want pops know going gave co workers like taste like liquorice like flowery tast almost like discribe till read back box thank god found amazon oh actually orderd cases thanks gg,0.9708,positive,0.09006944444444444,positive,positive
2,"I love mudslides (the real ones), but this coffee doesn't come close to what you would expect it to taste like.  There is a detectable coconut flavor (barely), no choclate flavor at all, and a strange aftertaste that really kills the deal for me.  I really like most of Gloria Jean's coffees, but this one is at the bottom of the list for me.",love mudslides real ones coffee come close would expect taste like detectable coconut flavor barely choclate flavor strange aftertaste really kills deal really like gloria jean coffees one bottom list,-0.0543,negative,0.21785714285714283,positive,negative
2,Good soup.  I bought it from Amazon to try out the subscription service.  I was willing to pay a bit more to try it out for the convenience but EVERY single can was dented.  I am not willing to pay more for damaged products and canceled the subscription.,good soup bought amazon try subscription service willing pay bit try convenience every single dented willing pay damaged products canceled subscription,-0.4066,negative,0.2922619047619048,positive,negative
5,These delicious Gluten-free snack bars taste like slightly sweetened nut butter and are chewy and satisfying.  Can even replace a meal in a pinch (especially breakfast).  Taste like a treat but are sound nutrition and free of common allergens.,delicious gluten free snack bars taste like slightly sweetened nut butter chewy satisfying even replace meal pinch especially breakfast taste like treat sound nutrition free common allergens,0.9058,positive,0.2619047619047619,positive,positive
5,"This illy issimo Coffee Drink Caff&egrave; from Coca~Cola / Coke - is really strong, just like a Caff&egrave; or Caf&egrave; Expresso should be: whereas frankly I am surprised it lacks a surname of ""Expresso"" added on to it! It packs a lot of punch into it, so if you are a Caff&egrave; or Caf&egrave; Expresso lover - YOU WILL LOVE THIS no doubts about it. ONLY 50 CALORIES IN A CAN! However the name of Expresso is in tiny print on the back of the can pertaining to the history; but I feel it still should be up front and just under the label. EXPRESSO LOVERS - THIS ONE'S FOR YOU!",illy issimo coffee drink caff egrave coca cola coke really strong like caff egrave caf egrave expresso whereas frankly surprised lacks surname expresso added packs lot punch caff egrave caf egrave expresso lover love doubts calories however name expresso tiny print back pertaining history feel still front label expresso lovers one,0.9518,positive,0.1763888888888889,positive,positive
1,"The description should indicate that this is mostly given as a CHRISTMAS basket. When my grandmother received it she was under the impression that it was the wrong basket or that I was gypped because I mailed this as a Mother's Day gift. She said it looked like a Christmas gift because of the Christmas mugs that were included. I had no idea that Christmas looking mugs were included. If I had known, I would have opted for a more appropriate gift for the occasion. I wanted to return it to resend a different basket but later realized that the item was ineligible to be returned.<br /><br />In addition, although I indicated that this was a gift and wrote a note to be included with the package, Amazon did not include the note and my grandmother had no idea who it was from. I am very unsatisfied with this product and am very unhappy that Mother's Day was somewhat ruined thanks to Amazon's inability to describe this as a Christmas gift or to include the note that I requested.",description indicate mostly given christmas basket grandmother received impression wrong basket gypped mailed mother day gift said looked like christmas gift christmas mugs included idea christmas looking mugs included known would opted appropriate gift occasion wanted return resend different basket later realized item ineligible returned addition although indicated gift wrote note included package amazon include note grandmother idea unsatisfied product unhappy mother day somewhat ruined thanks amazon inability describe christmas gift include note requested,-0.3544,negative,0.06888888888888887,positive,negative
1,I got this for my daughter because she love blood and hot chocolate so I got her this stuff and it was hoirrible it tasted so bad.,got daughter love blood hot chocolate got stuff hoirrible tasted bad,-0.075,negative,0.01666666666666672,abstain,negative
1,"I ordered one of these cases (packages of six) to give as Christmas presents to multiple people.  Sadly, upon arrival, every single individual container was smashed open. The external box was not mangled - I have to believe this was a byproduct of the brittle, thin, flimsy individual plastic containers, in combination with having been shipped along with giant cashew tins in a large box with minimal packing materials. Although I think had the container packaging been sturdier this would not have been a problem. In any event, it was a disappointment that none of the packages arrived intact.",ordered one cases packages six give christmas presents multiple people sadly upon arrival every single individual container smashed open external box mangled believe byproduct brittle thin flimsy individual plastic containers combination shipped along giant cashew tins large box minimal packing materials although think container packaging sturdier would problem event disappointment none packages arrived intact,-0.7906,negative,-0.12142857142857143,negative,negative
1,"This is something you can pick up at wal-mart for 98 cents (I have, unfortunately). It's hotter than most generic hot sauces, but the taste is terrible. It smells like olives (somehow), and gets in the way of the flavor of the food you're putting it on.",something pick wal mart cents unfortunately hotter generic hot sauces taste terrible smells like olives somehow gets way flavor food putting,-0.3818,negative,-0.15,negative,negative
5,"I've had dogs before but they were family dogs so were fed the usual Purina or typical grocery store dog foods.  I recently started fostering a pit bull and was given Science Diet for sensitive stomach formula since she had stomach issues.  I used that and her stool was firm but I decided to put her on this food because price isn't as important as her health right?  In a few weeks her fur is amazingly soft!  Anywhere there is short fur it's like stroking a bunny and in the longer areas it's mostly soft and I can tell the rougher stuff is almost all finally gone.  Even in recent pictures I noticed later how shiny her coat is as well.<br /><br />She loves it, her stomach is doing well, and her fur is amazing.  I can't say much about her attitude though since she's as friendly and happy as usual but pits are like that even coming from the worst situations anyway.  Oh yeah, I adopted her last week so she'll be eating Blue Buffalo for a long time to come.  Thank you, Amazon, for having it Prime eligible so it shows up right away.",dogs family dogs fed usual purina typical grocery store dog foods recently started fostering pit bull given science diet sensitive stomach formula since stomach issues used stool firm decided put food price important health right weeks fur amazingly soft anywhere short fur like stroking bunny longer areas mostly soft tell rougher stuff almost finally gone even recent pictures noticed later shiny coat well loves stomach well fur amazing say much attitude though since friendly happy usual pits like even coming worst situations anyway oh yeah adopted last week eating blue buffalo long time come thank amazon prime eligible shows right away,0.9843,positive,0.04811507936507938,abstain,positive
5,The vendor is fast and dependable. The tea is simply the best way to relax and great tasting too. Highly recommend !!,vendor fast dependable tea simply best way relax great tasting highly recommend,0.939,positive,0.45,positive,positive
1,"just received a case of 12 chicken & brown rice formula...every single can was dented beyond use...this was a problem before and supposedly amazon was to get their shipping problem with this item corrected...it states that this item is not returnable although damaged, i wrote to amazon requesting a return label and credit ...will see what happens...i want to return the case of food so they can see the damage, there were 4 air pillows in the box but they had holes torn in them so they were flat and just laying on top of the food...ordered this product from another website while waiting for amazon to straighten out their shipping problem, the other company sent the order UPS and the case of food was surrounded by the Styrofoam pellets and not a dent one !...UPDATE... Amazon replace order, came UPS this time instead of USPS, air pillows were again torn and flat, but only one can barely dented,...Also, i opened one of the dented cans from the first order, bad smell and food was pulled away from the sides, so take care with dented cans of dog/cat food",received case chicken brown rice formula every single dented beyond use problem supposedly amazon get shipping problem item corrected states item returnable although damaged wrote amazon requesting return label credit see happens want return case food see damage air pillows box holes torn flat laying top food ordered product another website waiting amazon straighten shipping problem company sent order ups case food surrounded styrofoam pellets dent one update amazon replace order came ups time instead usps air pillows torn flat one barely dented also opened one dented cans first order bad smell food pulled away sides take care dented cans dog cat food,-0.7024,negative,-0.07776785714285712,negative,negative
1,"Well what a disappointment...the bags in two of the rolls were just tubes, not bags????  I didn't bother to check out all 120 bags, just tossed the bunch.  Good thing these were for cleaning the cat's litter box, it would have been bad news to have been outdoors ""scooping"" after a dog. Should have returned them but for $7 it was not worth my time.  I will stick to their blue bags.",well disappointment bags two rolls tubes bags bother check bags tossed bunch good thing cleaning cat litter box would bad news outdoors scooping dog returned worth time stick blue bags,-0.2939,negative,-0.03749999999999997,abstain,negative
5,"This KAHLUA flavored coffee in the K-cups by Timothy's World Coffee tastes just like the real thing!  I put a bit of cream in it and it is so yummy!  I love it!<a href=""http://www.amazon.com/gp/product/B002QGK2V8"">Timothy's World Coffee KAHLUA Original, K-Cups for Keurig Brewers, 24-Count K-cups (Pack of 2)</a>",kahlua flavored coffee k cups timothy world coffee tastes like real thing put bit cream yummy love timothy world coffee kahlua original k cups keurig brewers count k cups pack,0.9383,positive,0.3958333333333333,positive,positive
5,"Having traveled to Costa Rica recently, I had this coffee.  It is rich, full bodied and without any bitterness.  Was very pleased to see that I could purchase it on Amazon because I finished the bags of the Cafe 1820 that I brought home with me.  It is excellent! Everyone that I served it to loved it!",traveled costa rica recently coffee rich full bodied without bitterness pleased see could purchase amazon finished bags cafe brought home excellent everyone served loved,0.958,positive,0.5416666666666666,positive,positive
4,"Our son is gluten free.  It took us a few days, but now we all like these O's.  The kids eat them with milk and dry too as a snack.<br /><br />We also feed them to our baby.  They are a bit harder than Cheerios so we have to soak them for a few seconds before we give them to the baby, but they work just fine.",son gluten free took us days like kids eat milk dry snack also feed baby bit harder cheerios soak seconds give baby work fine,0.765,positive,0.041666666666666664,abstain,positive
1,I bought this almond butter from Amazon.  It has a different packaging from the one showed in the picture.  The almond butter doesn't taste like any other almond better I have tried.  I think it's made from peanuts.  There is a bad after taste after eating this - I think it's the palm oil.  Tastes like bad oil.  Very disappointed in this product.  I won't buy it again! Not sure if the product I got is a fake. I will stick to Justins butter which is amazing.,bought almond butter amazon different packaging one showed picture almond butter taste like almond better tried think made peanuts bad taste eating think palm oil tastes like bad oil disappointed product buy sure product got fake stick justins butter amazing,-0.788,negative,-0.24166666666666659,negative,negative
5,"As a diabetic I am always on the look out for low carb snacks.  The dietician limits my carbs for snacks to between 15-30 g. My 100 calorie pack of Emerald Natural Walnuts & Almonds contains only 3g of carbohydrates.  What a satisfying good deal!<br />I understand that most diabetics die from heart disease. The box claims this snack has 740 mg of omega-3 to help protect the heart. Prevention magazine says you probably won't get enough omega 3 from plant sources, but I think it could help.",diabetic always look low carb snacks dietician limits carbs snacks g calorie pack emerald natural walnuts almonds contains g carbohydrates satisfying good deal understand diabetics die heart disease box claims snack mg omega help protect heart prevention magazine says probably get enough omega plant sources think could help,0.9053,positive,0.2571428571428571,positive,positive
2,"It took a very long time for the product to arrive. I am not certain if I had not contacted the seller regarding my missing package, if I ever would have received it. I will not order from this seller again.",took long time product arrive certain contacted seller regarding missing package ever would received order seller,-0.4614,negative,-0.12404761904761906,negative,negative
5,I enjoy the quality of this product and I only hope that I can get it in a bigger container..,enjoy quality product hope get bigger container,0.7269,positive,0.13333333333333333,positive,positive
5,"Have bought several different teas from Davidson's.  All have been good quality and exactly what I expected.  Good price, packaging and products.",bought several different teas davidson good quality exactly expected good price packaging products,0.7269,positive,0.2583333333333333,positive,positive
4,"Quaker Cinnamon Oatmeal Squares are absolutely delicious as a snack right out of the box or as a breakfast cereal with milk.<br /><br />They are sweet, but not too sweet.  There is a hint of cinnamon taste that is very satisfying.<br /><br /> These crunchy little treats are 210 calories per cup, 25 from fat when eaten alone.  Add 25 calories with ½ cup of skim milk. This product is low in sodium and does not have any cholesterol or trans fat.<br /><br />As a diabetic, I am a little concerned about the 9 grams of sugar and 30 grams of carbohydrates per cup; however, compared to a candy bar that I occasionally wolf down, I can live with these tasty morsels.<br /><br />Enjoy!",quaker cinnamon oatmeal squares absolutely delicious snack right box breakfast cereal milk sweet sweet hint cinnamon taste satisfying crunchy little treats calories per cup fat eaten alone add calories cup skim milk product low sodium cholesterol trans fat diabetic little concerned grams sugar grams carbohydrates per cup however compared candy bar occasionally wolf live tasty morsels enjoy,0.1824,positive,0.16596484323757052,positive,positive
5,"Lindt Lindor chocolate is so yummy. There are five flavors that come in this bag; and I would say that there is not one type that is in this bag more than than the others. The flavors are very good. Just as others have explained there is a harder outer chocolate shell with chocolate truffle filling on the inside. One of my favorite flavors- hazelnut- is not included in this bag. However, my second favorite flavor is included in this bag. The white chocolate is very creamy and very smooth and is not a heavy flavor. I really like that flavor. However, all of the ones in this bag are yummy. A great mix and assortment for a party or other special event.",lindt lindor chocolate yummy five flavors come bag would say one type bag others flavors good others explained harder outer chocolate shell chocolate truffle filling inside one favorite flavors hazelnut included bag however second favorite flavor included bag white chocolate creamy smooth heavy flavor really like flavor however ones bag yummy great mix assortment party special event,0.9822,positive,0.3115816326530612,positive,positive
5,"I drink a lot of different green, white and black teas over a variety of price points and I have been very slow to tire of this one.  It remains a favorite of mine after months.",drink lot different green white black teas variety price points slow tire one remains favorite mine months,0.5106,positive,-0.0427777777777778,abstain,positive
2,"I rarely write reviews but wanted to warn others of the affect these lollipops had on me. I've never had any stomach problems and can eat just about anything. However, every time I ate these lollipops, I would get a mild headache and feel nauseous. I really have no idea why but that's exactly what happened. I thought it was a fluke, waited a few days, then tried some more and had the same results. Some reviewers point out the fact that these are made in Mexico and I don't know for sure but wonder if that was part of the problem. Regardless, eat at your own risk.",rarely write reviews wanted warn others affect lollipops never stomach problems eat anything however every time ate lollipops would get mild headache feel nauseous really idea exactly happened thought fluke waited days tried results reviewers point fact made mexico know sure wonder part problem regardless eat risk,-0.9433,negative,0.2759259259259259,positive,negative
5,"I ordered this screen so I can keep my French doors open in the spring and fall without having tons of bugs get in the house.  It truly does install in minutes- just slide the screen onto the tension rod, open your doors and place the rod at the appropriate height for your doors.  The added velcro helps keep the sides in place.  I think that overall the magnets do a great job of keeping the opening closed, but it is a good idea to just make sure it closed properly after you go through the doorway.  No, it doesn't automatically close perfectly without help every single time, but come on people- it is a screen with magnets for less than a hundred bucks- you have to give it credit for doing the intended job so well even if it isn't perfect!<br />For me, the length and width was perfect. I feel like the screen material looks nice and is of good quality, and the opening functions well enough for the purpose.  I think I paid a fair price for a good product that I am getting lots of use out of.  I would purchase this product again, or in different sizes for my other doors.",ordered screen keep french doors open spring fall without tons bugs get house truly install minutes slide screen onto tension rod open doors place rod appropriate height doors added velcro helps keep sides place think overall magnets great job keeping opening closed good idea make sure closed properly go doorway automatically close perfectly without help every single time come people screen magnets less hundred bucks give credit intended job well even perfect length width perfect feel like screen material looks nice good quality opening functions well enough purpose think paid fair price good product getting lots use would purchase product different sizes doors,0.9888,positive,0.30167748917748916,positive,positive
5,"I started taking garden of life extra virgin coconut oil and was extreamly impressed.The product arrived quickly,packaged well.The taste and consistency is superior.I accidentally ordered another brand and it did not come close to this product.This is well worth the money.It is great to cook with,love it on my skin and had the delightful surprise of losing 5 pounds and curbing my appetite!I just ordered another because I do not want to run out.Highly recommend.",started taking garden life extra virgin coconut oil extreamly impressed product arrived quickly packaged well taste consistency superior accidentally ordered another brand come close product well worth money great cook love skin delightful surprise losing pounds curbing appetite ordered another want run highly recommend,0.8903,positive,0.525,positive,positive
5,"My LO was breastfed for the first two months, but then we switched to formula. Everything made him incredibly fussy, and our doctor suggested Nutramigen. It was a miracle worker, and he was happy. He was on this for months, but without a true protein allergy, it was hard to keep paying $63 a week for Nutramigen. We tried every formula on the planet, and this was the only one that worked great. I will say when weaning from one formula to another-- go very slow. I've heard so many different things and that you don't have to go slow, but it's the only way that worked for us. We mixed an ounce or two of the Good Start in with his Nutramigen the first week, the second week did half/half, the third week did mostly Good Start with 1 or 2 ounces of Nutramigen. He never had a problem. I will say, this price is not a very good deal-- I can get it at my local Target or Walmart for $20 a can, and sometimes I can find the 33% more free cans.",lo breastfed first two months switched formula everything made incredibly fussy doctor suggested nutramigen miracle worker happy months without true protein allergy hard keep paying week nutramigen tried every formula planet one worked great say weaning one formula another go slow heard many different things go slow way worked us mixed ounce two good start nutramigen first week second week half half third week mostly good start ounces nutramigen never problem say price good deal get local target walmart sometimes find free cans,0.9805,positive,0.2226864801864802,positive,positive
4,"These gnocchi are good.  The texture is right, a nice balance of springy and fluffy.  (Watch them continuously while they're cooking.  They cook very quickly and can be overcooked easily.)  But of the three packages I've cooked so far, all had a very slight sour taste.  They weren't spoiled in any way, just had a slightly tangy flavor that I don't associate with gnocchi.  It's not noticeable with a red sauce but is with a lighter flavored sauce.  I don't know if this taste is typical of the brand.  I probably won't re-order these because I like dried pasta for tomato sauces, but they are definitely worth trying.",gnocchi good texture right nice balance springy fluffy watch continuously cooking cook quickly overcooked easily three packages cooked far slight sour taste spoiled way slightly tangy flavor associate gnocchi noticeable red sauce lighter flavored sauce know taste typical brand probably order like dried pasta tomato sauces definitely worth trying,0.8957,positive,0.1251700680272109,positive,positive
2,It seems to be no more thirst quenching and refreshing than any other kind of gum.  I used to get a really dry throat when running so I thought I would give this a try.  It didn't help any more than regular gum - And costs a lot more.,seems thirst quenching refreshing kind gum used get really dry throat running thought would give try help regular gum costs lot,-0.5358,negative,0.20729166666666665,positive,negative
5,This product is excellent. I also add a can of Hunts canned chili mix with my lean ground beef. Then I mix the darn good chili with the meat mix. I would recommend this product to anyone who loves good chili.,product excellent also add hunts canned chili mix lean ground beef mix darn good chili meat mix would recommend product anyone loves good chili,0.9403,positive,0.7999999999999999,positive,positive
5,"I love this product!  It is so GOOD and good for you!  My favorite is in some milk.  Oh it tastes so good!  I prefer having it now instead of ice cream! Yummy, yummy, yummy and so good for your liver and other things!<br />The merchant was very fast with shipment too!  A good deal all the way around! (Great for coffee alternative...and how about for the holidays?  There are recipes on the back of package too! I can't wait to try them!!!)",love product good good favorite milk oh tastes good prefer instead ice cream yummy yummy yummy good liver things merchant fast shipment good deal way around great coffee alternative holidays recipes back package wait try,0.9922,positive,0.5704545454545454,positive,positive
5,I love love love this seasoning! I use it for everything and I always order it from Amazon. I have turned it on to all my neighbors and friends. They love it too.,love love love seasoning use everything always order amazon turned neighbors friends love,0.9716,positive,0.53125,positive,positive
5,I love Carb Krunchers Low Carb Cinnamon Raisin Bagels. The is the best bagel I've eat ever. Cinnamon Raisin Bagels is so heavenly delicious. Love them to death!!!,love carb krunchers low carb cinnamon raisin bagels best bagel eat ever cinnamon raisin bagels heavenly delicious love death,0.963,positive,0.6953125,positive,positive
4,"Easy, convenient, and would order again. The food was packaged tightly and the price was a good deal.  Arrived on time.",easy convenient would order food packaged tightly price good deal arrived time,0.7003,positive,0.31825396825396823,positive,positive
5,I've worked for an organic food company and this is absolutely the best protien suppliment I have ever tried.  When I couldn't get it at the local store I was so thrilled to find it on Amazon.com!  I add it to my morning fruit smoothies to keep me going through the day and to make sure I have the minerals I need.  The E3 blue algae and Maca root make all the difference!  TRY IT!,worked organic food company absolutely best protien suppliment ever tried get local store thrilled find amazon com add morning fruit smoothies keep going day make sure minerals need e blue algae maca root make difference try,0.908,positive,0.4083333333333334,positive,positive
2,"I'm sure this is, scientifically, a healthy diet for cats. Unfortunately, one of my cats will only eat it very reluctantly, and the other one I think would sooner starve to death rather than eat this food. The end result is I am stuck with a bag of food that my cats won't eat, even if I mix it with wet food or another brand of dry food. For me, this stuff was a huge waste of money.",sure scientifically healthy diet cats unfortunately one cats eat reluctantly one think would sooner starve death rather eat food end result stuck bag food cats eat even mix wet food another brand dry food stuff huge waste money,-0.8122,negative,0.060833333333333336,positive,negative
1,"Loose prickly pear tea makes a great iced tea but it is very difficult to find in pure form.  This tea is black tea with prickly pear ""flavor"". The shipping cost is twice the cost of the tea.  If there is a prickly pear component it is all but undetectable when I drink it. It just tastes like regular black tea.  Very disappointing.",loose prickly pear tea makes great iced tea difficult find pure form tea black tea prickly pear flavor shipping cost twice cost tea prickly pear component undetectable drink tastes like regular black tea disappointing,-0.8566,negative,-0.10324633699633698,negative,negative
1,"BUYER BEWARE:<br />The entire case (12 bags) of chips were rancid.<br />They smell and taste awful.<br />I'm guessing the chips were exposed to high temperatures, most likely inside the storage warehouse is what caused them to become rancid.<br />Absolutely horrible...terrible disappointment.",buyer beware entire case bags chips rancid smell taste awful guessing chips exposed high temperatures likely inside storage warehouse caused become rancid absolutely horrible terrible disappointment,-0.5965,negative,0.01200000000000001,abstain,negative
1,"Product tastes rancid, is off color (very pale-almost white), and made me feel sick when I tasted just a little bit of it.  I contacted the seller through Amazon to report the problem and request a return/refund.  They refused, denied that there was a problem with their product, and stated that all sales are final.  BUYER BEWARE!!!",product tastes rancid color pale almost white made feel sick tasted little bit contacted seller amazon report problem request return refund refused denied problem product stated sales final buyer beware,-0.9475,negative,-0.14035714285714285,negative,negative
4,"<a href=""http://www.amazon.com/gp/product/B0051COPH6"">Baby Gourmet Organic Simple Purees Stage 1(6 Months+) Juicy Pear and Garden Greens Baby Food, 4.5-Ounce Pouches (Pack of 12)</a> is a great tasting product that has been well-thought out.  The product is mostly pears, and tastes that way.  But the included vegetables is enough to cut the sweetness slightly and add nutritional content.  The texture can be a little gritty.  That doesn't bother me, and it shouldn't bother the average baby.  There's enough sweetness to get them to swallow the pill, so to speak.<br /><br />The pouch is rather large, with enough for 2 portions.  But it is resealable, so you can refrigerate what is left.<br /><br />The only real disappointment I have with this product is the packaging.  The pouch has enough corners in it that it is impossible to get all the baby food out of it.  And the cap, while large, is not so big that babies can't get it into their mouths.  So I think they could improve the packaging somewhat.<br /><br />It should be noted that because these pouches have metal foil in them they can't be heated in the microwave.  You have to heat them in warm water.  That's pretty standard for this kind of product.<br /><br />CONCLUSION<br /><br />This is a high quality product that tastes good.  It has a limited amount of preservatives, so the shelf life is not very long.  And the packaging could be improved.  But the contents are nutritious and delicious.  I think you could do a lot worse than this.<br /><br />Enjoy.",baby gourmet organic simple purees stage months juicy pear garden greens baby food ounce pouches pack great tasting product well thought product mostly pears tastes way included vegetables enough cut sweetness slightly add nutritional content texture little gritty bother bother average baby enough sweetness get swallow pill speak pouch rather large enough portions resealable refrigerate left real disappointment product packaging pouch enough corners impossible get baby food cap large big babies get mouths think could improve packaging somewhat noted pouches metal foil heated microwave heat warm water pretty standard kind product conclusion high quality product tastes good limited amount preservatives shelf life long packaging could improved contents nutritious delicious think could lot worse enjoy,0.9855,positive,0.09316815900149233,positive,positive
5,"I really enjoy the mixture of tastes and textures in this cereal. It's far less boring than corn flakes, and more enjoyable (and far fewer calories) than conventional granola cereals. Not the healthiest choice that one could make for a breakfast cereal, but it nowhere near as bad as others. Most important, it tastes great!<br /><br />Watch the prices since if you catch it on a price dip, the Amazon price is better than what you'd get at a warehouse store (and much better than a regular grocery store unless it's on sale and you have coupons). The prices bounce around a lot, so if there's a good price dip, stock up.",really enjoy mixture tastes textures cereal far less boring corn flakes enjoyable far fewer calories conventional granola cereals healthiest choice one could make breakfast cereal nowhere near bad others important tastes great watch prices since catch price dip amazon price better get warehouse store much better regular grocery store unless sale coupons prices bounce around lot good price dip stock,0.9724,positive,0.1431547619047619,positive,positive
1,"I guess my mistake was trying Harney and Sons Cinnamon Spice Tea before I tried this.  Compared to Harney and Sons this has no aroma and is bland, bland, bland.  Try Harney's!",guess mistake trying harney sons cinnamon spice tea tried compared harney sons aroma bland bland bland try harney,-0.5983,negative,-0.18055555555555555,negative,negative
5,"I'm not sure how this works, or what is in this stuff but it's fantastic! (Actually, I opened one after making it and it actually looks like apple pulp!) This is so much better than the powdered packages! I am addicted!",sure works stuff fantastic actually opened one making actually looks like apple pulp much better powdered packages addicted,0.9338,positive,0.0625,positive,positive
5,"This was a gift for my daughter.  I've always enjoyed cooking with Provence herbs and thought she would, too.  It's a nice combination of herbs which can be used on all sorts of food.  Prompt delivery and excellent seller.",gift daughter always enjoyed cooking provence herbs thought would nice combination herbs used sorts food prompt delivery excellent seller,0.9136,positive,0.7000000000000001,positive,positive
1,"I received just one box instead of the six I paid for.  Contacted customer service, who kindly sent me what I thought would be the six boxes.  Wrong, I received another single box.  Contacted customer service again, spelling out the problem.  The person issued me a refund and was told:  ""I'm so sorry the information about Tiger Tiger Thai Red Curry With Jasmine Brown Rice, 19.4 Ounce Box (Pack of 6) was misleading when you placed your order. We use many sources to build our website information, and we really appreciate knowing about any errors which find their way into our listings. I'll notify our catalog team about this and will ask them to correct the error.""<br /><br />However, four business days later the misleading information still appears with the product.",received one box instead six paid contacted customer service kindly sent thought would six boxes wrong received another single box contacted customer service spelling problem person issued refund told sorry information tiger tiger thai red curry jasmine brown rice ounce box pack misleading placed order use many sources build website information really appreciate knowing errors find way listings notify catalog team ask correct error however four business days later misleading information still appears product,-0.7991,negative,0.028571428571428574,abstain,negative
1,I just bought the toffee and almond bar.  It was the worst chocolate I've ever eaten in my life.  It tasted waxy.  The toffee was basically non-existent. I searched the bar for almonds and found a couple of tiny pieces.  I threw it away after only eating 2 small squares.  What a waste of money.  And my taste buds are very disappointed.  Maybe the dark chocolate is better but I definitely do not recommend this one.,bought toffee almond bar worst chocolate ever eaten life tasted waxy toffee basically non existent searched bar almonds found couple tiny pieces threw away eating small squares waste money taste buds disappointed maybe dark chocolate better definitely recommend one,-0.4237,negative,-0.2305555555555555,negative,negative
1,"There were bird feathers in my last shipment. I wrote the company about this, asking how this can happen and where they source the product, but received no response whatsoever. The presence of bird feathers in the tea is quite unsanitary. and the lack of response by the vendor is equally quite troubling. Please note the date of this review. Product received in March 2012.",bird feathers last shipment wrote company asking happen source product received response whatsoever presence bird feathers tea quite unsanitary lack response vendor equally quite troubling please note date review product received march,-0.8211,negative,0.0,abstain,negative
2,"i love amazon, and i love these bars! but ordering off of the internet is NOT the way to go on these and i should have listened to the other reviews..in this case, you get what you pay for..i but these religiously at multiple stores locally and they are always soft and fresh..as other reviewers mentioned, ordering from amazon, they come in hard as rocks! inedible and when i went to return them, they say you cant!!!!!! i will be contacting my cc company as i paid $40 some dollars for stale food..will NOT be ordering these again..VERY DISAPPOINTED!",love amazon love bars ordering internet way go listened reviews case get pay religiously multiple stores locally always soft fresh reviewers mentioned ordering amazon come hard rocks inedible went return say cant contacting cc company paid dollars stale food ordering disappointed,-0.462,negative,-0.14625,negative,negative
1,This reminds me of dirty socks.  Its a pretty gross tasting product.  I knew I was taking a chance on this one...  It is not authentic and doesn't even come close to real Tom Yum Kun.,reminds dirty socks pretty gross tasting product knew taking chance one authentic even come close real tom yum kun,-0.2023,negative,-0.07999999999999999,negative,negative
1,There were something like 6 marshmallows in the packet along with some bitter cocoa.  The product was nothing like the product statement on the outside of the box.  Too expensive!  Will not purchase again!!,something like marshmallows packet along bitter cocoa product nothing like product statement outside box expensive purchase,-0.5083,negative,-0.3588541666666667,negative,negative
2,"Quite disappointed. The pills don't last that long (it wears off after a few tries per pill) and not all the food items on the suggested list works. E.g. Cheese. Maybe it was a bad batch, but I'm not taking the risk to purchase it again.",quite disappointed pills last long wears tries per pill food items suggested list works e g cheese maybe bad batch taking risk purchase,-0.3017,negative,-0.3,negative,negative
1,I placed an order with you on 4-11-05.  that was 11 days ago. Tracking only showed it traveling around the United States but not to my state.  Now Amazon says there was no order.  You have my money debited from my checking account. I plan to repeat negative reviews as long as it takes.,placed order days ago tracking showed traveling around united states state amazon says order money debited checking account plan repeat negative reviews long takes,-0.7096,negative,-0.11666666666666665,negative,negative
4,"This product was good.  WHen my dog was using it, she got a little pep in her step.  I could tell that one of the dogs didnt enjoy it very much, though, and ended up switching her back to the regular AvoDerm chicken and rice formula. It had nothign to do with the product!  I just have one spoiled pup!  I highly reccomed this food for a canned weight control food!",product good dog using got little pep step could tell one dogs didnt enjoy much though ended switching back regular avoderm chicken rice formula nothign product one spoiled pup highly reccomed food canned weight control food,0.2842,positive,0.054374999999999986,positive,positive
1,"This was the worst garbage I've ever boughten, It's a horrible Hamburger Helper imitation, for almost double the price. Stick with Hamburger helper, you'll be happier.",worst garbage ever boughten horrible hamburger helper imitation almost double price stick hamburger helper happier,-0.1027,negative,-0.5333333333333333,negative,negative
2,"The good:<br /> - Good taste;<br /> - Pops up plump;<br /> - Convenient.<br /><br />The bad:<br /> - Lots of unpopped kernels (far more than any other brand I've used). You get plenty of popped corn, but it seems a waste and could lead you to question freshness or quality of the corn;<br /> - Uses the coal tar dyes Yellow #5 and #6 which have been implicated in various health issues and are listed as Group I carcinogens by the IARC.<br /> - The generic term ""natural and artificial color"" is used rather than listing actual flavor contents.<br /> - No ""best by"" or expiration date on the package<br /><br />For me the bad will prevent me from ordering more of this otherwise good popcorn. I don't need questionable additives just to make my popcorn yellow, and it leaves a colorful gross residue in the pan after popping. And for flavor, if the popcorn itself, along with whatever I want to add on my own, can't carry the day, I will find a product that can stand on its own.<br /><br />Other:  You only need 4 oz, or half this bag, to completely fill a standard Whirley-Pop so you can cut back as needed. Very salty for my taste, so you may want to start with much less than the salt offered and then salt to taste till you find the amount that works for you.",good good taste pops plump convenient bad lots unpopped kernels far brand used get plenty popped corn seems waste could lead question freshness quality corn uses coal tar dyes yellow implicated various health issues listed group carcinogens iarc generic term natural artificial color used rather listing actual flavor contents best expiration date package bad prevent ordering otherwise good popcorn need questionable additives make popcorn yellow leaves colorful gross residue pan popping flavor popcorn along whatever want add carry day find product stand need oz half bag completely fill standard whirley pop cut back needed salty taste may want start much less salt offered salt taste till find amount works,-0.8545,negative,0.01577380952380952,abstain,negative
5,"I'm in my late 60's & I find it gives me a boost when I need one. There are days I wouldn't get anything done without it.  Used properly, it's great, DON'T ABUSE IT!",late find gives boost need one days get anything done without used properly great abuse,0.9001,positive,0.35,positive,positive
5,I like this coffee!  Just make sure you order it in the BOXES where the pods are individually wrapped in sealed packets because they have 10 grams per pod.  The pods that come in the BAGS have 7.7 grams per pod.  Check it out.  If you have ordered it both ways like I have you can really tell the difference in the pods.,like coffee make sure order boxes pods individually wrapped sealed packets grams per pod pods come bags grams per pod check ordered ways like really tell difference pods,0.7644,positive,0.2333333333333333,positive,positive
1,"This tastes awful and nothing like peanuts or peanut butter.  Very bitter, with an aftertaste that lingers forever.  Blech.",tastes awful nothing like peanuts peanut butter bitter aftertaste lingers forever blech,-0.8022,negative,-0.6433333333333333,negative,negative
4,"Love anything by Stonewall Kitchen. Because small amount, a great way to see if enjoy the flavor before commit. Unigue combination of Peach and Rasberry with Champagne actually works well together. As with all preserves it can be used in may dishes from sweet to savory.",love anything stonewall kitchen small amount great way see enjoy flavor commit unigue combination peach rasberry champagne actually works well together preserves used may dishes sweet savory,0.9638,positive,0.30000000000000004,positive,positive
1,"We purchased these for our teething 6 month old.  She really enjoyed it for about a minute before a piece broke off and she started choking on it.  We had to flip her upside down and pat her on her back to dislodge it from her throat.  The title of teething biscuits is a bit misleading, they should really just sell them as biscuits for children who are already eating solids.",purchased teething month old really enjoyed minute piece broke started choking flip upside pat back dislodge throat title teething biscuits bit misleading really sell biscuits children already eating solids,-0.6003,negative,0.1288888888888889,positive,negative
4,"This garlic product will sting your mouth about two-thirds as strongly as fresh, raw garlic cloves.  This indicates to me that the beneficial phytochemicals have not been damaged too severely.  In order to eat this product, you can reduce the ""sting"" in your mouth by using this dried garlic on top of other food.  To completely eliminate the ""sting"" in your mouth, simply rehydrate this dried garlic with water.  This product is slightly less healthful but substantially more convenient to use than fresh, raw garlic cloves.",garlic product sting mouth two thirds strongly fresh raw garlic cloves indicates beneficial phytochemicals damaged severely order eat product reduce sting mouth using dried garlic top food completely eliminate sting mouth simply rehydrate dried garlic water product slightly less healthful substantially convenient use fresh raw garlic cloves,0.7354,positive,0.0455662393162393,abstain,positive
5,The greatest candy bar ever made or will ever be made! Nothing compares! You must try this candy bar! Once you have you will not settle for anything less!,greatest candy bar ever made ever made nothing compares must try candy bar settle anything less,0.7482,positive,0.39583333333333337,positive,positive
2,"The picture on your ad is not a black walnut.  It is an english walnut.Though I have not tried your black walnut flavoring, showing an english walnut might be confusing for the consumer.",picture ad black walnut english walnut though tried black walnut flavoring showing english walnut might confusing consumer,-0.2263,negative,-0.07666666666666666,negative,negative
1,"I'd rather send flowers to a friend who is following a gluten-free diet than send this overpriced snack basket.  The price is not my only qualm, however.  The basket's presentation is lacking as well as most of the food itself.  The basket is neither sturdy nor attractive and was full of wadded and shredded paper with the snacks resting on top.  The measly portions only offer 1300 calories or so of food.  One of the snack bags is only 70 calories!  $34.99 is an awful lot to spend on around 1300 calories of gluten-free food.  The snacking nuts were tasty, in my opinion, but it went downhill from there with the poor cookies resting at the bottom.  Their flavor was ok, but the texture was so sandy and gritty that they really weren't enjoyable fare. Save your money and shop elsewhere for your gluten-free friends.",rather send flowers friend following gluten free diet send overpriced snack basket price qualm however basket presentation lacking well food basket neither sturdy attractive full wadded shredded paper snacks resting top measly portions offer calories food one snack bags calories awful lot spend around calories gluten free food snacking nuts tasty opinion went downhill poor cookies resting bottom flavor ok texture sandy gritty really enjoyable fare save money shop elsewhere gluten free friends,-0.7461,negative,0.0922222222222222,positive,negative
1,"Mi gato no le hace caso en lo mas minimo, se lo apliqu&eacute; en su juguete y nada de nada, no se puso loco, ni corri&oacute; como decia el producto.<br />No se si se deba a que mi gato tiene 8 a&ntilde;os y ya no le interesa o que pasa, la verdad no entiendo.<br />Ahora no se que hacer con el producto.",mi gato le hace caso en lo mas minimo se lo apliqu eacute en su juguete nada de nada se puso loco ni corri oacute como decia el producto se si se deba que mi gato tiene ntilde os ya le interesa que pasa la verdad entiendo ahora se que hacer con el producto,-0.8402,negative,0.0,abstain,negative
2,"I have a couple grand kids that had a flu bug.<br />They ate this cereal hrs before they got sick.<br />Just a note.....the flu was going around at that time, being sick had nothing to do with them eating this cereal.<br />Needless to say, their bottoms were stained with a bluish green color. How much food coloring are these kids eating?",couple grand kids flu bug ate cereal hrs got sick note flu going around time sick nothing eating cereal needless say bottoms stained bluish green color much food coloring kids eating,-0.6705,negative,-0.053571428571428575,negative,negative
2,"I have 3 larger dogs - labs and golden retrievers, and I wanted to try this out with them, but it turned out to be basically useless.  None of them can understand that they're not supposed to eat the bottle, and only 1 of my dogs will continue to lick it after he realizes he can't have it.  Another of my dogs got so frustrated with it that she refuses to even lick it if I bring the bottle out.<br /><br />It was an interesting idea, and exactly what it said it was, but, unfortunately, it was a failure at my house.  I can see where it might be useful for smaller dogs or puppies, but definitely not for my dogs.",larger dogs labs golden retrievers wanted try turned basically useless none understand supposed eat bottle dogs continue lick realizes another dogs got frustrated refuses even lick bring bottle interesting idea exactly said unfortunately failure house see might useful smaller dogs puppies definitely dogs,-0.81,negative,-0.055555555555555546,negative,negative
1,"I read the box at the store and it said ""low sodium soy sauce"".  I can't imagine how the regular soy sauce would have tasted.  I only used half of the sauce packet and I still thought my face was going to explode.  It is just unbelievably salty.  Of course, if I had read the nutrition facts carefully, I would have noticed the 980mg of sodium.  980!",read box store said low sodium soy sauce imagine regular soy sauce would tasted used half sauce packet still thought face going explode unbelievably salty course read nutrition facts carefully would noticed mg sodium,-0.2244,negative,-0.09027777777777778,negative,negative
1,"I must preface my review with the point that I'm not sure if these were out of date; I do not have the best of faith in the seller from whom I bought them. If they were not extremely old, however, I would say they are not very powerful or effective. When I have purchased other moth traps (I have tried four different brands) the pheromone pads always have a distinct odor immediately upon opening the packet of the most effective ones. These exuded no smell whatsoever. Also, the better ones begin catching moths immediately. A moth circled the vicinity of this trap for a good hour without feeling enticed enough to go inside. The next day, not one moth is in the trap. Finally, the sticky surface inside the trap is not the stickiest I've seen and does not cover the entire inside of the trap. Definitely would not recommend.",must preface review point sure date best faith seller bought extremely old however would say powerful effective purchased moth traps tried four different brands pheromone pads always distinct odor immediately upon opening packet effective ones exuded smell whatsoever also better ones begin catching moths immediately moth circled vicinity trap good hour without feeling enticed enough go inside next day one moth trap finally sticky surface inside trap stickiest seen cover entire inside trap definitely would recommend,-0.2563,negative,0.2366452991452991,positive,negative
1,"My dog NEVER refuses food. For years she'll eat pretty much anything, but not this. That, combined with some of the other frightening customer reviews, worries me. Maybe it was once good and they changed the formula, or maybe my experience is just a fluke. But for whatever reason, my hungry dog would rather eat just about anything that I've ever given her instead of this food.",dog never refuses food years eat pretty much anything combined frightening customer reviews worries maybe good changed formula maybe experience fluke whatever reason hungry dog would rather eat anything ever given instead food,-0.4678,negative,0.10499999999999998,positive,negative
2,I ordered these based on the positive reviews on amazon as well as I had been satisfied by other products by Kay's naturals. I found the cheddar cheese taste to be ok but the problem was that over 50% of the crackers in the bag have been crunched and it makes it difficult to eat. I canceled my subscription to the crackers. The box arrived intact and well packaged but the inside items were still crushed.,ordered based positive reviews amazon well satisfied products kay naturals found cheddar cheese taste ok problem crackers bag crunched makes difficult eat canceled subscription crackers box arrived intact well packaged inside items still crushed,-0.2382,negative,0.08371212121212122,positive,negative
5,"In Japan, you will find yuzu used in Kaiseki and other genuine Japanese dishes in season. When you try to use Japanese chefs cook books, they usually call for yuzu juice or rinds. Well rinds are not so easy to get but the freshly harvested juice is so tasty, you can use for salad dressing, marinades, especially fish and chicken.  The producer seems to be a family owned? business in Kyushu, where this fruit is abundant. Right now, I added a few frops in my tea and they taste heavenly and relaxing. I definitely recommend to anyone who enjoy good taste.  Thanks Amazon for making this available.",japan find yuzu used kaiseki genuine japanese dishes season try use japanese chefs cook books usually call yuzu juice rinds well rinds easy get freshly harvested juice tasty use salad dressing marinades especially fish chicken producer seems family owned business kyushu fruit abundant right added frops tea taste heavenly relaxing definitely recommend anyone enjoy good taste thanks amazon making available,0.9851,positive,0.1496498599439776,positive,positive
4,Great bags ... they do not tear during use. I think that's the most important factor. :),great bags tear use think important factor,0.8576,positive,0.55,positive,positive
2,"after reading al the reviews, i tried this product and do not like the consistency. I found that if i cook it in the microwave for a few minutes before using in recipes it is slightly more palatable. this is not my favorite chicken substitute - prefer the fri chik over this product.",reading al reviews tried product like consistency found cook microwave minutes using recipes slightly palatable favorite chicken substitute prefer fri chik product,-0.2442,negative,0.05000000000000002,positive,negative
5,"""Sinfully scrumptious"" is the only phrase I can think of that even comes close to doing this candy justice. These are an exquisite blend of snappy dark chocolate with a caramel filing that surpasses any I have ever tasted. Try these once and you'll be hooked. I applaud the Newman's Own chocolatiers who came up with this exquisite--yet very affordable--gourmet treat.<br /><br />NOTE: I store mine in the fridge and the caramel filling remains liquidy smooth, even when chilled.",sinfully scrumptious phrase think even comes close candy justice exquisite blend snappy dark chocolate caramel filing surpasses ever tasted try hooked applaud newman chocolatiers came exquisite yet affordable gourmet treat note store mine fridge caramel filling remains liquidy smooth even chilled,0.8591,positive,0.3416666666666666,positive,positive
4,"Bought this tea because i have read so much about it over the past few months. Truth be told it is good, but i like ""fresh & easy"" house brand of Irish Breakfast Tea just as much...",bought tea read much past months truth told good like fresh easy house brand irish breakfast tea much,0.9127,positive,0.17291666666666666,positive,positive
1,"Each and every can I got had dents. Not sure whome to blame, the manufacturer or Amazon for the packaging.",every got dents sure whome blame manufacturer amazon packaging,-0.3944,negative,-0.25,negative,negative
5,I really like this brand of coconut oil.  It tastes very good and is quite aromatic.  I especially like the careful processing of this oil.  I use it every day for cooking.  I think coconut oil is the best cooking oil around.,really like brand coconut oil tastes good quite aromatic especially like careful processing oil use every day cooking think coconut oil best cooking oil around,0.9306,positive,0.40199999999999997,positive,positive
1,"Texture was very very dry and taste was not good at all. Being a woman on a diet constantly, I've tasted some pretty bad diet food and can tolerate most. I couldn't do this one.",texture dry taste good woman diet constantly tasted pretty bad diet food tolerate one,-0.4031,negative,-0.06444444444444442,negative,negative
1,"I wanted to try making red curry at home since it's delicious. I saw this at the grocery store and was so excited that I bought two bottles. I bought lots of vegetables and good jasmine rice to go with it. As soon as I opened the bottle I tasted a little with my finger. I wanted to be sick. It's sour like sour milk. I was cooking for two other people though so I tried to make the best of it. I added two whole cans of coconut milk, an entire handful of basil and another of cilantro, chicken flavoring, sambal oelek, sugar, salt, anything I thought would help. It ended up edible somehow, but I couldn't eat much because I still had the horrible taste in my mouth. Do not buy this product unless you need to punish yourself for something bad you've done in the past.",wanted try making red curry home since delicious saw grocery store excited bought two bottles bought lots vegetables good jasmine rice go soon opened bottle tasted little finger wanted sick sour like sour milk cooking two people though tried make best added two whole cans coconut milk entire handful basil another cilantro chicken flavoring sambal oelek sugar salt anything thought would help ended edible somehow eat much still horrible taste mouth buy product unless need punish something bad done past,-0.8268,negative,-0.02363445378151258,abstain,negative
4,"My dogs love the chicken nibbles, and I don't seem to know of any place I can get them except here online.",dogs love chicken nibbles seem know place get except online,0.6369,positive,-0.04999999999999999,abstain,positive
2,"I'm disappointed with the flavor. The chocolate notes are especially weak. Milk thickens it but the flavor still disappoints. This was worth a try but I'll never buy again. I will use what's left, which will be gone in no time thanks to the small cans.",disappointed flavor chocolate notes especially weak milk thickens flavor still disappoints worth try never buy use left gone time thanks small cans,-0.878,negative,-0.20833333333333334,negative,negative
5,"These chocolates are such a great find! I was looking for a special type of hazelnut chocolate called gianduja. I searched for it and found this perfect selection! It is the smoothest, creamiest hazelnut chocolate I have found. A little on the pricey side but TOTALLY WORTH IT! People I know who aren't that crazy about chocolate or hazelnut chocolate specifically have LOVED it and wanted more! I bought some during the Christmas season and shared it (out of holiday spirit) but kind of wish I had saved more for myself!",chocolates great find looking special type hazelnut chocolate called gianduja searched found perfect selection smoothest creamiest hazelnut chocolate found little pricey side totally worth people know crazy chocolate hazelnut chocolate specifically loved wanted bought christmas season shared holiday spirit kind wish saved,0.9897,positive,0.4086038961038961,positive,positive
1,"I was very disappointed in the lack of flavor in these chips.  And the flavor they did possess was foul and left a bad taste in my mouth.  I set them in the break room and let people help themselves and got the same responses.  Tastes like vomit, seriously.  Do not buy.",disappointed lack flavor chips flavor possess foul left bad taste mouth set break room let people help got responses tastes like vomit seriously buy,-0.6901,negative,-0.30166666666666664,negative,negative
5,"<a href=""http://www.amazon.com/gp/product/B000KV7ZGQ"">Premier Busy Buddy Tug-a-Jug, Medium/Large</a>This is the best 10.00 i've spent in a while. I fill it with my 85# puppy's noon kibble and he has to work to get it out. He grabs the rope and smashes it very hard on the concrete. He will play with this thing for hours. I cannot believe he hasn't broke it. I would recommend this for all dog owners.",premier busy buddy tug jug medium large best spent fill puppy noon kibble work get grabs rope smashes hard concrete play thing hours cannot believe broke would recommend dog owners,0.867,positive,0.15416666666666667,positive,positive
5,This is the best flavor of Special K bars... AND...unfortunately you cannot find them in the stores..they are always sold out!!  They need to order 10X the supply of these..and ditch the other flavors that no one likes!!,best flavor special k bars unfortunately cannot find stores always sold need order x supply ditch flavors one likes,0.6742,positive,0.45424107142857145,positive,positive
2,"I gave this two stars vs one, because relatively speaking, it's healthy.....provided you can stand the odor and flavor enough to eat it.<br />I was so excited to find this product, because it didn't contain gelatin, had brown rice in it, and generally seemed much healthier than the standard ""rice crispy""-type product.  I do eat A LOT of ""health food"" as a vegetarian of many years, and I realize that most healthy foods are inherently going to taste different than the typical processed junk most people eat these days.  I also don't eat a ton of sugar, and I feel I've grown more than accustomed to the taste of alternative ingredients.  This is why I'm so confused by why this particular product smelled and tasted terrible to me.  Every single ingredient in this product I'm positive I've had in other foods before.<br />I can only describe the odor as very similar to Play Dough....not the homemade stuff either, but the stuff in the colorful containers I played with as a kid.<br />The taste was ok at first, but then the ""other"" flavors emerged...and I had to spit it out and throw it away.  Maybe it was connected with the odor, I don't know.  I've heard that odor can affect you sense of taste.  I thought maybe I got a bad batch, so several months later I bought some more (at a different store), and I experienced the same unpleasant odor and taste.",gave two stars vs one relatively speaking healthy provided stand odor flavor enough eat excited find product contain gelatin brown rice generally seemed much healthier standard rice crispy type product eat lot health food vegetarian many years realize healthy foods inherently going taste different typical processed junk people eat days also eat ton sugar feel grown accustomed taste alternative ingredients confused particular product smelled tasted terrible every single ingredient product positive foods describe odor similar play dough homemade stuff either stuff colorful containers played kid taste ok first flavors emerged spit throw away maybe connected odor know heard odor affect sense taste thought maybe got bad batch several months later bought different store experienced unpleasant odor taste,-0.2166,negative,0.07972255017709562,positive,negative
1,"I concur 100% with the other negative reviews.  My nuts arrived rancid and were not edible.  What more is there to say other than these Azar macadamia nuts were a huge waste of good money?  Two pounds of expensive nuts were tossed out in the back yard to feed the wild life and even the squirrels would not eat them.<br /><br />I will stick with organic raw macadamias, preferably from Hawaii and a more reliable producer.",concur negative reviews nuts arrived rancid edible say azar macadamia nuts huge waste good money two pounds expensive nuts tossed back yard feed wild life even squirrels would eat stick organic raw macadamias preferably hawaii reliable producer,-0.8934,negative,0.059935897435897445,positive,negative
5,"I spent a considerable amount of money buying kefir from WholeFoods (at $3.99 a quart) until I discovered these miraculous grains. Who knew kefir could be made at home so easily?! The insert with the small package of minuscule ""grains"" is a bit intimidating and you may think there is some difficult process to be followed. But it's so easy. Just place the grains in a cup of milk and put it on a shelf in the kitchen. Pour out the milk (just not the grains) and pour in fresh milk every 24 hours. For the first 2-3 days as the grains start stretching out their legs, growing their muscles, pushing and shoving each other, the kefir may be watery or bitter at first. After a couple of days, you start to get sweet-tasting coagulated kefir every 24 hours or so. You will save and save so much you won't know what to do with your money.",spent considerable amount money buying kefir wholefoods quart discovered miraculous grains knew kefir could made home easily insert small package minuscule grains bit intimidating may think difficult process followed easy place grains cup milk put shelf kitchen pour milk grains pour fresh milk every hours first days grains start stretching legs growing muscles pushing shoving kefir may watery bitter first couple days start get sweet tasting coagulated kefir every hours save save much know money,0.9399,positive,0.08333333333333336,positive,positive
1,"Hardly any ""pumkin pie"" type taste.  It does have the flavor of some of the seasonings, lots of nutmeg.  Tastes very acidic.  I do not recommend. I'd return it if I could.",hardly pumkin pie type taste flavor seasonings lots nutmeg tastes acidic recommend return could,-0.2755,negative,-0.04583333333333334,abstain,negative
2,"Not a fan! We drink A LOT of canned coconut milk. This first off, has other ingredients then just the normal coconut, water and guar gum. It has mystery things... not a fan. Second, the stuff never mixes together at room temp. It has floating hard chunks in it. The fat never really melts in with it. It's drinkable, and works well in soups and stuff, but really, not worth it.",fan drink lot canned coconut milk first ingredients normal coconut water guar gum mystery things fan second stuff never mixes together room temp floating hard chunks fat never really melts drinkable works well soups stuff really worth,-0.514,negative,-0.03809523809523809,abstain,negative
5,"I have been buying the grass fed beef, the cagefree happy chicken eggs, the least pasteurized whole cream and watching my carbs in attempting to eat more healthfully. Then I discovered this Chef Boyardee Rice chicken & vegetables.  I may not eat perfectly all the time, but when the carb urge hits - plus me being asian - the rice in this entree is the perfect amount, and has the most delicious and satisfying taste! I had been buying Cambells chicken and rice soups but this Boyardee rice with chicken and vegies is more substantial.  To me, the mix of rice, vegies, and chicken is perfect and delicious.  I am so pleased that this product is available, and you can't fault its amazingly low price. Plus the container is so cute and it fits into your car trunk easily (for emergencies during the winter in Northern Virginia - when the snow is so bad and the traffic so bad that you can't go home for 13 hours while you are sitting in the car along with thousands of others stuck with you as in 2011's snow in DC) for you and to share with others - and also in your glove compartment and in your lunch tote!<br />I am so pleased this product is available!!!!",buying grass fed beef cagefree happy chicken eggs least pasteurized whole cream watching carbs attempting eat healthfully discovered chef boyardee rice chicken vegetables may eat perfectly time carb urge hits plus asian rice entree perfect amount delicious satisfying taste buying cambells chicken rice soups boyardee rice chicken vegies substantial mix rice vegies chicken perfect delicious pleased product available fault amazingly low price plus container cute fits car trunk easily emergencies winter northern virginia snow bad traffic bad go home hours sitting car along thousands others stuck snow dc share others also glove compartment lunch tote pleased product available,0.9901,positive,0.24944058641975306,positive,positive
5,"After going through the entire SodaStream sample pack, my wife and I picked out a few flavors that we wanted, and ordered them from Amazon.  Being a huge fan of orange soda, I picked the <a href=""http://www.amazon.com/gp/product/B003ZFOEEK"">Sodastream Diet Orange Sodamix Syrup</a> (as I'm on a big diet soda kick).<br /><br />The flavor closely resembles actual Orange Crush, or maybe even Orange Fanta.  I can't really comment on the ""burniness"" of this soda, as you control the carbonation, so it's only as carbonated as you want to make it!<br /><br />I really like the SodaStream diet syrups, because they're sweetened with Splenda®, which makes them a little bit more healthy than regular, name brand diet sodas.  It also doesn't give them that aspartame taste, which makes a lot of diet sodas taste disgusting.<br /><br />I would definitely recommend this SodaStream syrup, as well as the whole SodaStream system!",going entire sodastream sample pack wife picked flavors wanted ordered amazon huge fan orange soda picked sodastream diet orange sodamix syrup big diet soda kick flavor closely resembles actual orange crush maybe even orange fanta really comment burniness soda control carbonation carbonated want make really like sodastream diet syrups sweetened splenda makes little bit healthy regular name brand diet sodas also give aspartame taste makes lot diet sodas taste disgusting would definitely recommend sodastream syrup well whole sodastream system,0.9469,positive,0.11875000000000001,positive,positive
5,"i add two packages to my crock pot for stews and pot roasts, it adds nice flavor and thickens into a nice gravy, been using for years and super market was outrageous at 2.99 each.",add two packages crock pot stews pot roasts adds nice flavor thickens nice gravy using years super market outrageous,0.7579,positive,0.1333333333333333,positive,positive
4,"They are very smooth, i love just letting them melt in my mouth.  And they have a very rich cocoa taste.  not like swiss miss, like a batch of fresh made dutch cocoa.  The only downside to the one i bought is i think they were kind of old.  normally they are dusted in cocoa powder and are literally powdery on the outside.  But this case i bought they were actually a bit moist and there was no powder, it was absorbed.  So probably they were sitting on a shelf for a while.  But they still taste awesome.",smooth love letting melt mouth rich cocoa taste like swiss miss like batch fresh made dutch cocoa downside one bought think kind old normally dusted cocoa powder literally powdery outside case bought actually bit moist powder absorbed probably sitting shelf still taste awesome,0.8623,positive,0.32979166666666665,positive,positive
5,"This tea is amazingly delicious. I have always been a fan of Early Grey tea and didn't think I'd find anything I like more BUT then I drank Stash's DOUBLE Bergamot, which just happens to be the ingredient in Earl Grey that makes it so good, and I've been hooked ever since. I drink alot of tea and this is what I drink....Try it, you'll like it!",tea amazingly delicious always fan early grey tea think find anything like drank stash double bergamot happens ingredient earl grey makes good hooked ever since drink alot tea drink try like,0.9319,positive,0.3392857142857143,positive,positive
5,"I beg to differ with the previous reviewer. These are delicious!  They are crispy, cinnamon-y and not too sweet. They remind me of cinnamon toast crunch cereal.  1 bag 1.5 ounces is one a half servings. The whole bag is 165 calories and 15 grams of protein.",beg differ previous reviewer delicious crispy cinnamon sweet remind cinnamon toast crunch cereal bag ounces one half servings whole bag calories grams protein,0.3637,positive,0.24333333333333332,positive,positive
2,"We like a nice strong latte each morning, and after reading reviews I thought I would try this brand instead of Lavazza to save a little money.  What a mistake! I am so disappointed.  We tried making adjustments to the espresso machine, but nothing seems to help. This coffee is bitter and doesn't even smell good. I don't know what I am going to do with rest of the bag because I just can't start my day drinking this stuff.  I ordered more Lavazza today to replace it.",like nice strong latte morning reading reviews thought would try brand instead lavazza save little money mistake disappointed tried making adjustments espresso machine nothing seems help coffee bitter even smell good know going rest bag start day drinking stuff ordered lavazza today replace,-0.8065,negative,0.16413690476190476,positive,negative
5,"Fibre...check<br />Protein...check<br />Vitamins...check<br /><br />What? You want your cereal to taste great as well? Well here's your answer.<br /><br />Pros:<br />+ Healthy (still has sugars though)<br />+ Delicious<br />+ Crunchy, doesn't get soggy even after prolonged submersion<br /><br />Cons:<br />- The size of the granola clusters isn't all uniform. The clumps at the top of the box are quite large, and towards the end you're left with powdery stuff. Not a big minus, but I like my granola to be uniformish.",fibre check protein check vitamins check want cereal taste great well well answer pros healthy still sugars though delicious crunchy get soggy even prolonged submersion cons size granola clusters uniform clumps top box quite large towards end left powdery stuff big minus like granola uniformish,0.8645,positive,0.27346938775510204,positive,positive
5,"These biscuits are wonderful to go with a cup of tea.  They are ever-so-slightly sweet, very light, and have a pleasant light taste that doesn't compete with even light teas.  A good alternative to fat-laden, overly-sweet cookies.<br /><br />Because they are no longer readily available at the grocery stores in my area, this is an excellent way to keep them in the pantry.",biscuits wonderful go cup tea ever slightly sweet light pleasant light taste compete even light teas good alternative fat laden overly sweet cookies longer readily available grocery stores area excellent way keep pantry,0.9403,positive,0.6114814814814815,positive,positive
4,"What could be better than a mouth full of honey with a caffeinated kick?!  The price for Honeystinger seems more justifiable compared to other gels as they're made using 100% made in the USA bee pee.  Other gels use corn based products which means they're dependent more heavily on petroleum based industrial agriculture (the price of a pound of maltodextrin--the main calorie containing ingredient in Gu and others-- hasn't even remotely kept pace with inflation thanks to farm subsidies... but it's price has paralleled the price of oil).<br /><br />I'm still not keen on the little gel packs and prefer to buy bottles and use refillable flasks instead.  Also, the honey is of course really, really sweet (so delicious!) which makes it more difficult to get down smoothly.",could better mouth full honey caffeinated kick price honeystinger seems justifiable compared gels made using made usa bee pee gels use corn based products means dependent heavily petroleum based industrial agriculture price pound maltodextrin main calorie containing ingredient gu others even remotely kept pace inflation thanks farm subsidies price paralleled price oil still keen little gel packs prefer buy bottles use refillable flasks instead also honey course really really sweet delicious makes difficult get smoothly,0.8567,positive,0.18594771241830066,positive,positive
1,"My dog, a Labrador had this bones ends chewed and roughed up in no time.  Its ends were rough and cut her gums and when I tried playing with it she pulled and rough ends cut my hand open. Had infection for 4 days.",dog labrador bones ends chewed roughed time ends rough cut gums tried playing pulled rough ends cut hand open infection days,-0.1027,negative,-0.06666666666666667,negative,negative
5,"I have given these as gifts and have had them myself.  They are delicious and just the right size to pop in your mouth and savor as they melt.  And, of course, we all know that dark chocolate is good for you, right? (Good excuse to eat them!)",given gifts delicious right size pop mouth savor melt course know dark chocolate good right good excuse eat,0.8777,positive,0.39413265306122447,positive,positive
5,"This is a very tasty soup, and so easy to make.  Even just cooking it as is, with no added ingredients, it is delicious and smells wonderful cooking.<br />I always find that I need alot more water than the directions state.",tasty soup easy make even cooking added ingredients delicious smells wonderful cooking always find need alot water directions state,0.8733,positive,0.6266666666666667,positive,positive
2,"These are a pleasing size and retain a good texture, without the ""rubber eraser"" taste when chewed for a while, but all the various colors taste the same, with no decernable fruit flavors.  The purple (grape?) may have a slight tang.  They are not overly sweet, which is good, but have no interesting flavor(s).  A disappointment.",pleasing size retain good texture without rubber eraser taste chewed various colors taste decernable fruit flavors purple grape may slight tang overly sweet good interesting flavor disappointment,-0.7474,negative,0.09166666666666666,positive,negative
5,I had the best looking tomato plants in town with this =) I have always used Miracle Grow on all my stuff and you can really see a difference! It truly works!,best looking tomato plants town always used miracle grow stuff really see difference truly works,0.9454,positive,0.6041666666666666,positive,positive
5,"I bought this for my lab about a week ago and he LOVES it! I had bought a few of the smaller ones at my local pet supply store but he was able to chew thru those pretty quickly. This is a great size, it's about a foot long and really heavy (don't let them drop one of these on your foot, it hurts!). he's been chewing on this for a week and has barely been able to make a dent it. Happy to spend the money on this since it lasts and he looooves his chew toys. I've been buying Nylabones for him, which he also loves, but I like that these are natural and offers him vitamins and minerals at the same time. Definitely worth the money and I see this lasting for a few months before it needs to be replaced.",bought lab week ago loves bought smaller ones local pet supply store able chew thru pretty quickly great size foot long really heavy let drop one foot hurts chewing week barely able make dent happy spend money since lasts looooves chew toys buying nylabones also loves like natural offers vitamins minerals time definitely worth money see lasting months needs replaced,0.988,positive,0.1685185185185185,positive,positive
1,"This is one of the worst ideas I've ever seen. The wastefulness of this packaging is incredible. By buying this item you are contributing to filling of landfills, environmental destruction, and overwhelming inefficiency. Furthermore, on a per-ounce basis this item is considerably more expensive than cheese in large canisters. Avoid this silly product if you care about the environment or your wallet!",one worst ideas ever seen wastefulness packaging incredible buying item contributing filling landfills environmental destruction overwhelming inefficiency furthermore per ounce basis item considerably expensive cheese large canisters avoid silly product care environment wallet,-0.7886,negative,-0.0015306122448979537,abstain,negative
2,"Now if you could just make it sugar-free also?  I know, I don't want for much.  :-)<a href=""http://www.amazon.com/gp/product/B004391DK0"">Bisquick Pancake and Baking Mix, Gluten-Free, 16-Ounce Boxes (Pack of 3)</a>",could make sugar free also know want much bisquick pancake baking mix gluten free ounce boxes pack,-0.0572,negative,0.35,positive,negative
5,"It is very yummy, especially for people who love chocolate and coconut. It's great the fact that it is organic and doesn't have artificial flavors and artificial colors like so many other mainstream snack products do.",yummy especially people love chocolate coconut great fact organic artificial flavors artificial colors like many mainstream snack products,0.9381,positive,0.084375,positive,positive
5,My wife and I drink this coffee on weekends as a treat. The coffee is always great....smooth and taste fantastic.,wife drink coffee weekends treat coffee always great smooth taste fantastic,0.743,positive,0.4,positive,positive
5,"This item used to be available as ""General Foods International"" and has since switched over to Maxwell House.  It also used to be availabls to me in my area; it has been off the shelves for months now and I was very happy to find a supply on Amazon under the new ownweship.  I have tried other chai mixes, powdered and liquid but this is hands down the best and easiest one to make.  Make it with milk to get the best flavor.  Now if only Amazon would make it a subscription like they used to have it when it was with General Foods!",item used available general foods international since switched maxwell house also used availabls area shelves months happy find supply amazon new ownweship tried chai mixes powdered liquid hands best easiest one make make milk get best flavor amazon would make subscription like used general foods,0.977,positive,0.30620982552800735,positive,positive
5,"I am telling you I was lucky. I checked and found this to be the last two bottles in stock. With no fault of Amazon or the company my item was lost, for a while and then made there way to my address. It was well worth the wait. I do not spill any of it and it taste great to the last drop. With these, I will have to make do, until, I find another good deal, such as this one! I was skeptical at first, being the syrup was in a plastic bottle, but the flavor is unreal. I would not trade or give these up for any other at this time. Thanks Amazon and affiliates for making this happen.",telling lucky checked found last two bottles stock fault amazon company item lost made way address well worth wait spill taste great last drop make find another good deal one skeptical first syrup plastic bottle flavor unreal would trade give time thanks amazon affiliates making happen,0.8938,positive,0.178030303030303,positive,positive
5,"This gum combines the flavors of melon and mint to create a fruity, refreshing flavor that is very tasty.  It's fruity, but with just the right amount of spearmint and peppermint so that it's not sweet, and leaves a minty tingle behind it.  Thus, you get all the freshness of a mint gum, with the tastiness of a fruity gum.  I very much enjoy this, and I usually have a pack in my desk.  Highly recommended.",gum combines flavors melon mint create fruity refreshing flavor tasty fruity right amount spearmint peppermint sweet leaves minty tingle behind thus get freshness mint gum tastiness fruity gum much enjoy usually pack desk highly recommended,0.6895,positive,0.09008928571428572,positive,positive
1,"Looked like a good deal, so I ordered the ground fennel, as well as 4 other spices and seasonings from this company, but was disappointed with them all. Zero flavor, not even the fragrance of the right herbs or spices when loosely sealed containers were opened. The dill smelled like dried musty grass, and the onion even worse. Ended up throwing them all away...save your money, DO NOT BUY THIS PRODUCT.",looked like good deal ordered ground fennel well spices seasonings company disappointed zero flavor even fragrance right herbs spices loosely sealed containers opened dill smelled like dried musty grass onion even worse ended throwing away save money buy product,-0.4215,negative,-0.08088697017268447,negative,negative
5,"This marinara sauce is not just dinner - it is an experience!<br />I've tried so many sauces over the years and had almost given up finding a store-bought variety that would be worthwhile. Then I found this one at our local Kroger store. This sauce is so indescribably good that it actually, literally brought goose bumps up and down both of my arms. The other brands of sauce are monstrosities of monumental proportions compared to Rao's. I would never have thought that any mere mortal could combine a few simple ingredients in the perfect proportions and come up with something like this marinara that defies description. My God, it was like it made love to my whole mouth! It permeates the tongue and palate, even teeth and gums and the insides of my whole mouth - making this sauce ""the flavor to savor,"" even an hour after dinner. I've never tasted any other pasta sauce that even approaches this sublime sauce. It is so rich and flavorful. Try this sauce and you will understand why I'm gushing and drooling all over for this heavenly marinara. I gladly paid the $10 this evening for another jar, this time for the arribbiata which is also delicious. I never would have thought any pasta sauce could taste this good, fantastic actually. It is even better than my mother's and my uncle's. You will think that you died and entered the Pearly Gates, dripping with Rao's Marinara!",marinara sauce dinner experience tried many sauces years almost given finding store bought variety would worthwhile found one local kroger store sauce indescribably good actually literally brought goose bumps arms brands sauce monstrosities monumental proportions compared rao would never thought mere mortal could combine simple ingredients perfect proportions come something like marinara defies description god like made love whole mouth permeates tongue palate even teeth gums insides whole mouth making sauce flavor savor even hour dinner never tasted pasta sauce even approaches sublime sauce rich flavorful try sauce understand gushing drooling heavenly marinara gladly paid evening another jar time arribbiata also delicious never would thought pasta sauce could taste good fantastic actually even better mother uncle think died entered pearly gates dripping rao marinara,0.9919,positive,0.2792929292929293,positive,positive
5,I'm a die hard Starbucks fan and these tasted even better! the price is great too! i recommend to anyone who loves great coffee.,die hard starbucks fan tasted even better price great recommend anyone loves great coffee,0.9421,positive,0.5333333333333333,positive,positive
2,Light duty item. Both of mine broke on the first use (didn't catch anything either). The Victor 0625 BlackBox Gopher Trap I purchased at the same time was a far superior item. I returned the broken Sweeneys and kept the BlackBox.,light duty item mine broke first use catch anything either victor blackbox gopher trap purchased time far superior item returned broken sweeneys kept blackbox,-0.5719,negative,0.17499999999999996,positive,negative
5,"...that we didn't know about this product about 2 years ago.  It took both of us, one to hold and pry open our sweet cat's mouth and another to deposit pill(s) and squirt in the water, twice a day.  We had both gotten bitten before, but the most recent bite on my left thumb was pretty serious and got infected. Fun! Anyway, a client told us about Pill Pockets and price be d**ned, I'd pay 4 times as much just to not get bitten again.  These things are heaven sent. Thanks, Pill Pockets! :)",know product years ago took us one hold pry open sweet cat mouth another deposit pill squirt water twice day gotten bitten recent bite left thumb pretty serious got infected fun anyway client told us pill pockets price ned pay times much get bitten things heaven sent thanks pill pockets,0.96,positive,0.19015151515151515,positive,positive
1,"WARNING:  HIGH FRUCTOSE CORN SYRUP in this product.  While the description of this item from every Amazon seller states ""No high fructose corn syrup..."" the label on the jar lists high fructose corn syrup as the fourth ingredient; in fact, as the only sweetener used in this product.  I do not necessarily blame the sellers because Kraft announced it was going to eliminate HFC from their products but did not make good on that promise.  Too bad.  I remember 'way back when I could rely on Kraft for decent, wholesome food, and I thought the company was perhaps returning to that model. Silly me!  Into the trash with this.",warning high fructose corn syrup product description item every amazon seller states high fructose corn syrup label jar lists high fructose corn syrup fourth ingredient fact sweetener used product necessarily blame sellers kraft announced going eliminate hfc products make good promise bad remember way back could rely kraft decent wholesome food thought company perhaps returning model silly trash,-0.7391,negative,-0.01984848484848484,abstain,negative
1,Absolutely TERRIBLE quality.  DO NOT BUY.  I was 100% dissatisfied with the product!  And Amazon does NOT stand by its food sales and offer refunds (unlike my brick & mortar grocery store).  Item was past date & Amazon offers NO returns on grocery; TERRIBLE!,absolutely terrible quality buy dissatisfied product amazon stand food sales offer refunds unlike brick mortar grocery store item past date amazon offers returns grocery terrible,-0.9131,negative,-0.5375,negative,negative
5,"I had to try ""em, loved these!  I highly recommend this product as it arrive before the date and were so fresh!<br /><br />Try Drake's coffeecakes!",try em loved highly recommend product arrive date fresh try drake coffeecakes,0.821,positive,0.5375,positive,positive
5,What a great value! My wife and I eat buttermilk waffles at least twice a week. This powdered buttermilk is delicious. Mixes easily with the other ingredients. Sure beats spoiled or outdated liquid buttermilk.,great value wife eat buttermilk waffles least twice week powdered buttermilk delicious mixes easily ingredients sure beats spoiled outdated liquid buttermilk,0.9348,positive,0.3011904761904762,positive,positive
1,"I've been eating Snow's clam chowder for years, so I buy a few cans when it's on sale. Well it looks like Bumble Bee has taken over. What a big mistake. When I opened the can, it was all watery and smelled funny. I put it in a bowl to microwave, and noticed how thin it was, but thought I'd try it anyway. It was nasty to say the least. It about made me sick. So I went and opened another of the new cans, more of the same. Then I got an older can of the non-Bumble Bee chowder and it was great like always. If I could give the new junk no stars, I would. Sucks bad.",eating snow clam chowder years buy cans sale well looks like bumble bee taken big mistake opened watery smelled funny put bowl microwave noticed thin thought try anyway nasty say least made sick went opened another new cans got older non bumble bee chowder great like always could give new junk stars would sucks bad,-0.8658,negative,-0.10832611832611831,negative,negative
1,"If you like weak or watered down coffee, then this is the product for you.<br />One of the flavors I tried was not too bad but the second one of the same flavor was completely different.  There seems to be no uniform, some being very weak and others week.  The coffee is just bland.  Nothing you can do with it.<br />Just don't waste your money on this product.  The cheapest regular low price coffee would be better than this.",like weak watered coffee product one flavors tried bad second one flavor completely different seems uniform weak others week coffee bland nothing waste money product cheapest regular low price coffee would better,-0.2884,negative,-0.13206018518518517,negative,negative
5,"If you love chocolate and want a non-guilty pleasure, nutritionists recommend one oz. of dark chocolate above 70% per day.  As a friend said, chocolate is a vegetable--it's a bean!  I bought this bag of individually wrapped chocolates and have one for a tasty treat after dinner.  They are healthy and darkly rich and smooth.  I'm happy with one square, and frankly, it helps to have them individually wrapped so you can't keep breaking off small pieces of a large bar.<br /><br />One square is about 75 calories--it's a thin larger square and is satisfying.  If you want to spoil yourself, or someone else, with something that is good for them, consider these chocolates!  I love them.",love chocolate want non guilty pleasure nutritionists recommend one oz dark chocolate per day friend said chocolate vegetable bean bought bag individually wrapped chocolates one tasty treat dinner healthy darkly rich smooth happy one square frankly helps individually wrapped keep breaking small pieces large bar one square calories thin larger square satisfying want spoil someone else something good consider chocolates love,0.9907,positive,0.24151785714285715,positive,positive
5,"Using this vinegar with a small amount of beef stock simmer together till it reduces, then add some unsalted butter [about 1oz] a little at a time, add the pre cooked warm steak for a couple of minutes, it is just delicious.",using vinegar small amount beef stock simmer together till reduces add unsalted butter oz little time add pre cooked warm steak couple minutes delicious,0.6808,positive,0.3125,positive,positive
5,"I was just two pounds shy of my Weight Watchers goal when I fell off the weight loss wagon and gained four additional pounds.  Life was busy, and I wanted a fuss-free way to lose those last pounds before swimsuit season.  Since I enjoy Special K products, I thought I'd put the Special K 2-Week Weight Loss Challenge to the test.  I ate Special K cereal for two meals, snacked on fruits and veggies (instead of the recommend Special K snack products) and made healthy dinner choices.  I didn't expect to lose 6 pounds as advertised, since my weight loss had slowed from months of dieting and I was near my goal weight.  To my surprise, I lost 6 pounds and have finally reached my goal weight!<br /><br />ABOUT THE DIET:<br /><br />It's convenient and doesn't require much planning.  However, it could get a little boring in the long run.  It could also be difficult to meet daily nutritional requirements.  Also, rapid weight loss could be difficult to maintain in the long run.  If you've been dieting and just can't lose those last few pounds, or if you need to lose a few pounds fast for a big event, give Special K a try.<br /><br />ABOUT THE CEREAL:<br /><br />One can usually find a box of Special K in my kitchen cabinet.  Most often, it is the Red Berries variety.  I enjoy the Fruit and Yogurt flavor, as well, but the serving size is 1/4 cup less.  The original flavor is also nice from time to time, but the Chocolatey Delight is just not a good idea, in my opinion.  But back to the Red Berries.  The cereal consists of the usual Special K flakes with dehydrated strawberries.  Once I pour on my Silk Light soy milk, the berries plump up to add lots of real strawberry flavor.  There are generous amounts of berries and the flakes stay crispy in milk.  All in all, this is an excellent cereal that I highly recommend.",two pounds shy weight watchers goal fell weight loss wagon gained four additional pounds life busy wanted fuss free way lose last pounds swimsuit season since enjoy special k products thought put special k week weight loss challenge test ate special k cereal two meals snacked fruits veggies instead recommend special k snack products made healthy dinner choices expect lose pounds advertised since weight loss slowed months dieting near goal weight surprise lost pounds finally reached goal weight diet convenient require much planning however could get little boring long run could also difficult meet daily nutritional requirements also rapid weight loss could difficult maintain long run dieting lose last pounds need lose pounds fast big event give special k try cereal one usually find box special k kitchen cabinet often red berries variety enjoy fruit yogurt flavor well serving size cup less original flavor also nice time time chocolatey delight good idea opinion back red berries cereal consists usual special k flakes dehydrated strawberries pour silk light soy milk berries plump add lots real strawberry flavor generous amounts berries flakes stay crispy milk excellent cereal highly recommend,0.9877,positive,0.08168650793650795,positive,positive
5,"Only one problem, they arrived, packaging wasn't the best, and they were stale. Still love them, but wish I could get a reliable souce of this product on a regular basis and have them fresh.",one problem arrived packaging best stale still love wish could get reliable souce product regular basis fresh,0.7241,positive,0.21666666666666667,positive,positive
1,"Other Walden Farms products are great, but this one is disgusting!  I couldn't get past a tiny taste.  My husband (who will eat ANYTHING) thought it was nasty and wouldn't eat it.  To the trash bin this goes!  Save yourself!  Do not buy this product!  Blech!",walden farms products great one disgusting get past tiny taste husband eat anything thought nasty eat trash bin goes save buy product blech,-0.702,negative,-0.3678571428571429,negative,negative
1,"This is the worst low-carb product I have ever purchased.  When using it to make pizza crust, I could not even cover half the pizza pan, and the taste was horrible.  I used it to make biscuits, and they were incredibly dry and had no flavor.  I tried again, adding some margarine, and they still tasted awful.  I tried to make pancakes, and the batter was as thick as cement.  I tried adding more liquid, but they were horrible.  I cannot imagine how this product is still on the market. Krusteaz used to make WONDERFUL low-carb baking products, so I know it can be done.  This stuff, however, is awful.",worst low carb product ever purchased using make pizza crust could even cover half pizza pan taste horrible used make biscuits incredibly dry flavor tried adding margarine still tasted awful tried make pancakes batter thick cement tried adding liquid horrible cannot imagine product still market krusteaz used make wonderful low carb baking products know done stuff however awful,-0.8402,negative,-0.4033333333333333,negative,negative
5,I was seeking a more robust full flavored decafe coffee but without the bitterness and acidity that is often associated with a stronger coffee.  This coffee filled the bill and then some.  Will definitely purchase again!,seeking robust full flavored decafe coffee without bitterness acidity often associated stronger coffee coffee filled bill definitely purchase,0.8995,positive,0.3125,positive,positive
5,"When I first found Dr. Harvey's, I was searching in vain for an organic food for my chihuahua. His pre-mix is very easy to make, and my dog loves it. She is very healthy and has been eating Dr. Harvey's for 5 years. I recommend it very highly!",first found dr harvey searching vain organic food chihuahua pre mix easy make dog loves healthy eating dr harvey years recommend highly,0.8714,positive,0.43083333333333335,positive,positive
2,"I will be donating this to the local shelter.<br />It should be ok for several dogs to get this for a few feedings ...<br />that is, for short-term use.<br /><br />I won't be feeding it to my doxy ... it is loaded with carbs ( grains )<br />and for her, opening this bag means she'd be eating it for weeks ...<br />which will have detrimental effects on her health.<br /><br />I did not realize it was loaded with grains - this info was not available on Amazon -<br />I went by reviews which were glowing ...<br /><br />I believe, knowing what I know about<br />the ingredients now that I have the bag in front of me, that this dog food is very bad for dogs.<br /><br />Most likely they are using grains to bulk-up the food with less calories to stave off Dachshunds<br />from gaining weight.<br /><br />This is not the way to do it ...<br />rather, I will be switching my pup to a NO-Grain canned dog food which is three letters long and<br />starts with E and ends with O ....<br /><br />Canned, because there's more water in it ... which cuts the calories.<br /><br />I'm sorry this was so disappointing to me - I really wanted it to be a smart, well-thought out, quality dog food.<br /><br />Instead, it's one of those cheapy, grain-heavy kibbles.<br />Except, it's not cheap on two fronts:<br />bag cost, and also<br />when dogs start having problems and rack up $$$ vet visits for<br />skin problems, intestinal issues ... and gas-iness ....<br /><br />Not going down that path with my little Doxy !!",donating local shelter ok several dogs get feedings short term use feeding doxy loaded carbs grains opening bag means eating weeks detrimental effects health realize loaded grains info available amazon went reviews glowing believe knowing know ingredients bag front dog food bad dogs likely using grains bulk food less calories stave dachshunds gaining weight way rather switching pup grain canned dog food three letters long starts e ends canned water cuts calories sorry disappointing really wanted smart well thought quality dog food instead one cheapy grain heavy kibbles except cheap two fronts bag cost also dogs start problems rack vet visits skin problems intestinal issues gas iness going path little doxy,-0.881,negative,-0.10946501517273577,negative,negative
5,"What could be a more delicious breakfast than these sausages? If they are paired with scrambled eggs and a bagel then they already make up a perfect meal for me. I really like the products from Cedar Lake because they give vegetarians like me a wider option when it comes to what we can eat. In addition, these canned goodies contain very minimal preservatives to keep them healthy. That's why I feel safe eating these breakfast sausages as often as I could.",could delicious breakfast sausages paired scrambled eggs bagel already make perfect meal really like products cedar lake give vegetarians like wider option comes eat addition canned goodies contain minimal preservatives keep healthy feel safe eating breakfast sausages often could,0.9558,positive,0.51,positive,positive
5,Orijen is truly amazing!It was like giving my dogs crack! They LOVE it. And there allergies no longer bother him. I was on taste of wild for a year my bad!!Taste of wild is owned by Diamond which in the past has had some recalls on some there dog foods..,orijen truly amazing like giving dogs crack love allergies longer bother taste wild year bad taste wild owned diamond past recalls dog foods,0.9445,positive,0.11249999999999999,positive,positive
1,"I bought this toy and put one of my dogs in her crate with it.  I just filled it with a handful of kibble.  1/2 hour later the Tug a Jug was broken.  My dog had chewed the end off where it screws on.  Her chewing destroyed the threads so the toy is useless. She's a 55 pound food motivated dog, medium chewer.  My original worry about the Tug a Jug was that it would be noisy on hard floors.  It never made it that far.  I had better luck with the Busy Bone toy, although she can get the Gnawhide rings off pretty quick. At least that one is still usable.",bought toy put one dogs crate filled handful kibble hour later tug jug broken dog chewed end screws chewing destroyed threads toy useless pound food motivated dog medium chewer original worry tug jug would noisy hard floors never made far better luck busy bone toy although get gnawhide rings pretty quick least one still usable,-0.1779,negative,0.04722222222222222,abstain,negative
2,"Bought this product expecting greatness, what I received was melted chocolate that turned into a horrible snack. I've had the Emerald Harmony Triple Chocolate Trail Mix from grocery stores and its the best chocolate trail mix I've had, but I wouldn't recommend buying it from Amazon. There wasn't anything to keep it cool during shipping and UPS obviously doesn't know whats in the box so they can't cool it off by other means. Very Disappointed.",bought product expecting greatness received melted chocolate turned horrible snack emerald harmony triple chocolate trail mix grocery stores best chocolate trail mix recommend buying amazon anything keep cool shipping ups obviously know whats box cool means disappointed,-0.5985,negative,-0.05714285714285716,negative,negative
5,"For the last several years my grandsons and I have been making caramel apples--I do the organizing; they do the ""creating."" Our caramels of choice are Kraft Caramel because they get to do the task of unwrapping the small morsels to start the process and I do the microwaving. They then take over the time-honored tradition of creating the Famous P______ Caramel Apples. It's truly amazing how caramel, M&Ms, and chocolate sprinkles can transform a simple apple into such a splendid 1-lb. marvel of sweet delight. It is so much fun and it is a great kick-off to fall...and one of the precious times I get to be alone with the boys to hear about school and ""stuff"" before the Holidays invade. And all of this fun almost didn't happen this year!! It seems that Northern California is not among the recipients of Kraft Caramels any longer, so I was delighted that Amazon.com was able to save the day--and our tradition. Thanks, Amazon.<br /><br />One warning, this lot of 12 bags of caramels do NOT come with the sticks needed to make caramel apples. If you plan to use the caramels for apples, be sure to stock up on a bag of sticks from your local crafts store. I wish you all a great time as you create your own ""Famous Caramel Apples!""",last several years grandsons making caramel apples organizing creating caramels choice kraft caramel get task unwrapping small morsels start process microwaving take time honored tradition creating famous p caramel apples truly amazing caramel ms chocolate sprinkles transform simple apple splendid lb marvel sweet delight much fun great kick fall one precious times get alone boys hear school stuff holidays invade fun almost happen year seems northern california among recipients kraft caramels longer delighted amazon com able save day tradition thanks amazon one warning lot bags caramels come sticks needed make caramel apples plan use caramels apples sure stock bag sticks local crafts store wish great time create famous caramel apples,0.9957,positive,0.3822420634920635,positive,positive
2,"Not at all impressed with this product!! It arrived all melted together :(  If you want candy corn that is NOT a big clump of yellow, orange, and white, get it from someone else!  So disappointed!!",impressed product arrived melted together want candy corn big clump yellow orange white get someone else disappointed,-0.8837,negative,-0.125,negative,negative
1,"Maybe, I got a bad one.  It's very plain, nothing special in flavor.  I felt like I wasted my time and money. I will not buy this flavor again.",maybe got bad one plain nothing special flavor felt like wasted time money buy flavor,-0.7732,negative,-0.2053571428571428,negative,negative
5,"I was quite pleased with all phases of the purchase through Amazon. The price was a key factor in choosing to buy from this seller. However, the delivery was made in a minimum amount of time and though I was a bit concerned with possible damage to the product during shipping (I had ordered six boxes of the tea), the item arrived in a well packed box in perfect condition. The tea is a new selection for us and we are very pleased with the quality of the product. Perfectly satisfied with the purchase through Amazon. It could not have been better handled.",quite pleased phases purchase amazon price key factor choosing buy seller however delivery made minimum amount time though bit concerned possible damage product shipping ordered six boxes tea item arrived well packed box perfect condition tea new selection us pleased quality product perfectly satisfied purchase amazon could better handled,0.9431,positive,0.4107954545454545,positive,positive
5,"While I like yogurt out of a cup, I'm usually not fond of things that are dipped in yogurt. These are the exception - the yogurt coating on the bottom adds a very nice taste to the granola. Sweet, but not candy bar sweet. I prefer the strawberry over the vanilla, but both are good.<br /><br />The granola itself is soft but still holds together as a bar. The calorie count is decent (120 per bar). The nutritional content is not stellar, but reasonably good and much better than candy alternatives.<br /><br />Highly recommend, especially if you can get them on a price dip.",like yogurt cup usually fond things dipped yogurt exception yogurt coating bottom adds nice taste granola sweet candy bar sweet prefer strawberry vanilla good granola soft still holds together bar calorie count decent per bar nutritional content stellar reasonably good much better candy alternatives highly recommend especially get price dip,0.9055,positive,0.2946666666666667,positive,positive
1,"This set is far too much work and the end result is not all that great.  First, you need to make the royal icing from the power (1 dirty bowl) and use a hand mixer to mix it until it forms peaks (one dirty tool and one that some parents may not have).  Then, you need to take out about a cup of the icing and add in the red food coloring (2nd dirty bowl).  Finally, you need to take out another cup of icing and add in the green food coloring (3rd dirty bowl).  Since there is only 1 piping bag/tip for the kit, you would need to use your own Ziploc or piping bags to pipe the other two colors without color contamination (more mess and frustration).  By the time we finished these prep steps, the kids had already lost interest in the entire project!  So, the adults ended up doing the whole thing!  Even with meticulous attention to the directions, the final result is just so-so.  If you want martyrdom, this is it!<br /><br />Wouldn't it be be easier to have pre-mixed icing in plastic syringes so the joy is in decorating the gingerbread train rather than in struggling with making the icing????<br /><br />I do not recommend this product.",set far much work end result great first need make royal icing power dirty bowl use hand mixer mix forms peaks one dirty tool one parents may need take cup icing add red food coloring nd dirty bowl finally need take another cup icing add green food coloring rd dirty bowl since piping bag tip kit would need use ziploc piping bags pipe two colors without color contamination mess frustration time finished prep steps kids already lost interest entire project adults ended whole thing even meticulous attention directions final result want martyrdom easier pre mixed icing plastic syringes joy decorating gingerbread train rather struggling making icing recommend product,-0.9405,negative,0.02727272727272728,abstain,negative
5,this is a very good earl grey tea and i would recommend it to anyone who enjoys a quality tea,good earl grey tea would recommend anyone enjoys quality tea,0.8576,positive,0.42999999999999994,positive,positive
5,I started purchasing these bars for my young adult son who is a very picky eater. He likes the bars and eats them regularly which means he includes some protein in his diet. Purchasing the bars through the Amazon program ensures that the bars are delivered on a regular basis and at a better price than I can buy them at the grocery store.,started purchasing bars young adult son picky eater likes bars eats regularly means includes protein diet purchasing bars amazon program ensures bars delivered regular basis better price buy grocery store,0.7506,positive,0.15,positive,positive
5,i absolutely love this set i ordered it and have been taking 2 tbsp everyday and im not even halfway through my first jar almost 2 months later!!! great value,absolutely love set ordered taking tbsp everyday im even halfway first jar almost months later great value,0.9164,positive,0.27,positive,positive
1,"I was drinking a lot of wheat grass juice, thought I would give this a try.  It's more expensive at Whole Foods than Amazon.  The taste is nauseating in the water, juice, and yogurt/fruit smoothies I've tried so far, but it goes down easier than the wheatgrass juice.  I think it's the aftertaste of mint that is getting me.  If it works well, I'll give it more stars later...<br /><br />UPDATE:  I had to stop eating this, it makes my kidneys hurt.  Once I stopped ingesting it, things went back to normal about 1-2 days later.  I returned it.",drinking lot wheat grass juice thought would give try expensive whole foods amazon taste nauseating water juice yogurt fruit smoothies tried far goes easier wheatgrass juice think aftertaste mint getting works well give stars later update stop eating makes kidneys hurt stopped ingesting things went back normal days later returned,-0.4678,negative,0.08827160493827162,positive,negative
5,"I have used this product for filling in coffee cakes and also as filling in raisin bread.  It is wonderful!  Absolutely delicious.  It is very consistent, which is exactly what a baker wants!  I have used numerous cans and I am a customer for life!",used product filling coffee cakes also filling raisin bread wonderful absolutely delicious consistent exactly baker wants used numerous cans customer life,0.8614,positive,0.4708333333333334,positive,positive
5,"This coffee is excellent. It's a lighter blend so those who prefer chewable coffee may not like it. It has an amazing scent of a chocolate donut. I'm new to the K Cup, but so far, this is one of my favorite flavors.",coffee excellent lighter blend prefer chewable coffee may like amazing scent chocolate donut new k cup far one favorite flavors,0.8017,positive,0.4672727272727273,positive,positive
5,"This whole transaction went through without a hitch. It was excellent and I received my order very quickly. We love the spam spread and we found it cheaper on-line than we could find in our local stores.  If you like Spam, you will love the spam spread.",whole transaction went without hitch excellent received order quickly love spam spread found cheaper line could find local stores like spam love spam spread,0.8542,positive,0.44000000000000006,positive,positive
1,"I like the taste of this dressing, but realized that it contains the additive mono sodium gluconate. This chemical gives me migraines, which is very difficult to tolerate. I am sorry to say that I will no longer purchase this dressing unless they remove this flavor enhancer.",like taste dressing realized contains additive mono sodium gluconate chemical gives migraines difficult tolerate sorry say longer purchase dressing unless remove flavor enhancer,-0.7343,negative,-0.575,negative,negative
4,"Coffee, Corner Donut Shop, Single Serve Cup for Keurig K-Cup Brewers, 36-Count]]<br /><br />These K cups do not work at all. They jam up the Keurig coffee maker and overflow causing it to spill out over and as a result give you about a third of a mug of coffee filled with grounds. I am 100 percent disappointed. I will never buy this coffee again. This is the only k cups that has this problem. I have used many other varieties and none have caused me these problems. Wish I could have a refund.<br /><br />Brooklyn coffees has not only sent me a replacement and another free box besides but this time the k cups appear to work like they should. Thank you Brooklyn Bean Roastery.",coffee corner donut shop single serve cup keurig k cup brewers count k cups work jam keurig coffee maker overflow causing spill result give third mug coffee filled grounds percent disappointed never buy coffee k cups problem used many varieties none caused problems wish could refund brooklyn coffees sent replacement another free box besides time k cups appear work like thank brooklyn bean roastery,0.6744,positive,0.03928571428571429,abstain,positive
4,"I started my minpin Gus on this food a month ago, and already I can feel the difference in his coat - it is softer and seems more healthy.  Gus is 11, and it also seems to me that he has more energy since he's been eating this food.  The last food I had him on was an IAMs brand.  I finally looked at the label and saw it had corn meal as the major ingredient.  Hmmm.  Figured that wasn't a natural doggie diet, so switched him to this.  Other than the fact that I can't find this food in any but the 4 lb. size, I am very happy with it.",started minpin gus food month ago already feel difference coat softer seems healthy gus also seems energy since eating food last food iams brand finally looked label saw corn meal major ingredient hmmm figured natural doggie diet switched fact find food lb size happy,0.8238,positive,0.28194444444444444,positive,positive
2,"At first sip, I thought these would be great for my wife and I, but the bitterness and weird aftertaste have led me to donate these to the workplace fridgerator at work.",first sip thought would great wife bitterness weird aftertaste led donate workplace fridgerator work,-0.4678,negative,0.18333333333333335,positive,negative
1,This is one big rip-off.  This little bag of all-sorts is about half the size of a cracker jacks box.  I guess it's my fault for not knowing how much 215grams is.  I get them locally for $2.79 a bag at Walgreens drug stores.  For some reason I thought this was a bigger bag.  They were $9.99.  If I could give this transaction zero stars I would..............,one big rip little bag sorts half size cracker jacks box guess fault knowing much grams get locally bag walgreens drug stores reason thought bigger bag could give transaction zero stars would,-0.4019,negative,-0.07916666666666668,negative,negative
5,I pop corn at least once a week and this oil is the best. I have always used peanut oil and it works great but i like the way this oil makes the corn yellow. It is not a liquid.,pop corn least week oil best always used peanut oil works great like way oil makes corn yellow liquid,0.8126,positive,0.375,positive,positive
2,"I am very disappointed with this product. It has absolutely no smell or flavor remotely resembling cilantro, kind of smells like old tea leaves. The first jar was not even sealed so I tried the other jar but it too was stale even though that one was sealed.",disappointed product absolutely smell flavor remotely resembling cilantro kind smells like old tea leaves first jar even sealed tried jar stale even though one sealed,-0.2944,negative,-0.10625000000000004,negative,negative
1,"I purchased these candy bars to give as little gifts to thank people who took a Salvation Army Angel card at our annual ""Spirit of Christmas"" concert. When I was putting decorations on the bars, I noticed the bars had expired. I am assuming the company sent them at the end of the month of expiration so they were ""legal""...but, by the time, I gave them to people on the 11th of the following month, they were expired. It could have caused the orchestra a lot of grief. I will not do business with them again.",purchased candy bars give little gifts thank people took salvation army angel card annual spirit christmas concert putting decorations bars noticed bars expired assuming company sent end month expiration legal time gave people th following month expired could caused orchestra lot grief business,-0.0679,negative,-0.19687500000000002,negative,negative
1,"My flat coated retriever, who is a chewer, went through this toy in five minutes.  She ripped off one leg and bit through the snout of the alligator.  We were Very disappointed.",flat coated retriever chewer went toy five minutes ripped one leg bit snout alligator disappointed,-0.5256,negative,-0.5,negative,negative
5,"I'm not sure what I expected - maybe something thin and bubbly - but Switch delivers a rich, full orange-tangerine flavor.<br />It's got a lot more flavor, and good flavor at that, and a bit less carbonation than other carbonated fruit drinks.<br />An 8 ounce can has 140 calories, no fat, 15mg of sodium, 35 grams of carbs, 34 grams of sugar (they claim no sugar added), and no protein. It also contains 100% of your daily requirement of Vitamin C and 20% mdr of Vitamin A.<br />I tried it chilled with breakfast and thoroughly enjoyed it.",sure expected maybe something thin bubbly switch delivers rich full orange tangerine flavor got lot flavor good flavor bit less carbonation carbonated fruit drinks ounce calories fat mg sodium grams carbs grams sugar claim sugar added protein also contains daily requirement vitamin c mdr vitamin tried chilled breakfast thoroughly enjoyed,0.9145,positive,0.12575757575757573,positive,positive
2,"Someday, it will be safe to buy food products from China. Today is not that day. Everyone knows China is very poorly regulated and the Chinese people suffer from all kinds of side effects as a result. Why should that problem and uncertainty be exported? The only way to manufacture in China is for the outsourcing company to STRICTLY and CONTINUOUSLY audit the manufacturing process -- because we cannot rely on their native legal and regulatory controls to ensure a safe product. Trio is not Apple Computer. They can't afford to scan the manufacturing all the time.<br /><br />I had a Trio bar yesterday - first time - and so I wanted to buy more. But I'll have to think twice about this product until they bring manufacturing back to the USA or at least to a country with a recognized high manufacturing standard. Health food + uncertain origin DO NOT equal a viable product. Sorry Trio!",someday safe buy food products china today day everyone knows china poorly regulated chinese people suffer kinds side effects result problem uncertainty exported way manufacture china outsourcing company strictly continuously audit manufacturing process cannot rely native legal regulatory controls ensure safe product trio apple computer afford scan manufacturing time trio bar yesterday first time wanted buy think twice product bring manufacturing back usa least country recognized high manufacturing standard health food uncertain origin equal viable product sorry trio,-0.5255,negative,0.04749999999999999,abstain,negative
5,This soy butter is so yummy you won't be able to stop eating it! Crunchy with a hint of sweetness you can eat it right out of the jar! My favorite and my kids favorite for sure. I would not hesitate to purchase and great to send to school.<br />I actually think it is better than peanut butter and you can hardly tell the difference! Enjoy!,soy butter yummy able stop eating crunchy hint sweetness eat right jar favorite kids favorite sure would hesitate purchase great send school actually think better peanut butter hardly tell difference enjoy,0.9795,positive,0.3917559523809524,positive,positive
5,This bubbly crisp ginger ale has an excellent strong ginger bite to it. There is no sugary taste to it like far too many ginger ales on the market. There is just a hint of honey to this lovely concoction. The crispness of all of Reed's Ginger Ales is incredibly refreshing on a hot summer day. Try it over ice cream for a ginger ale float!,bubbly crisp ginger ale excellent strong ginger bite sugary taste like far many ginger ales market hint honey lovely concoction crispness reed ginger ales incredibly refreshing hot summer day try ice cream ginger ale float,0.92,positive,0.44947916666666665,positive,positive
5,"Using all of Bob's Red Mill GF products has saved my life.  The flour is a staple in my kitchen. This company took responsibility to produce GF Quick and regular rolled oats, which I can now find in my area. Very good products.",using bob red mill gf products saved life flour staple kitchen company took responsibility produce gf quick regular rolled oats find area good products,0.7178,positive,0.3108333333333333,positive,positive
1,"While I am pleased with most of the product ordered, I specifically ordered a ""coffee only"" sampler pack and received many non-coffee k-cups (ciders, hot chocolates, cappuccinos, teas) which will end up thrown away. So I'm throwing away about 25% of what I ordered. Not happy! Please either change the details of this item listing or pack only coffee. I won't be ordering from this seller again.",pleased product ordered specifically ordered coffee sampler pack received many non coffee k cups ciders hot chocolates cappuccinos teas end thrown away throwing away ordered happy please either change details item listing pack coffee ordering seller,-0.2621,negative,0.17857142857142858,positive,negative
1,"I'm so frustrated.  I ordered two of these from Vitacost, so according to the description I should have received 12 boxes of crackers, each with 6 individual bags.  Instead I received TWO boxes, which is not even one full order.  I emailed this company on Saturday and have yet to hear back from them (now Tuesday).",frustrated ordered two vitacost according description received boxes crackers individual bags instead received two boxes even one full order emailed company saturday yet hear back tuesday,-0.5709,negative,-0.0875,negative,negative
2,"I was disappointed with this product.  The consistency was much too powdery.  It tended to form clumps in the jar and particles actually rose into the air whenever I scooped some out.  I guess that if you wished it to dissolve quickly in a liquid it would be all right.  For my use, I would not buy this again.",disappointed product consistency much powdery tended form clumps jar particles actually rose air whenever scooped guess wished dissolve quickly liquid would right use would buy,-0.4767,negative,0.13380952380952377,positive,negative
2,Five days and no shipment for an in-stock product?! First time you let me down Amazon... My baby can't wait so I'm off to the dreaded grocery store. Baby food ships first guys...  B A B Y food! :),five days shipment stock product first time let amazon baby wait dreaded grocery store baby food ships first guys b b food,-0.4184,negative,0.2267361111111111,positive,negative
5,"A very good tasting yogurt starter at a good price, that can be made without using any sugar.  Easy to use in conjunction with an electric yogurt maker.",good tasting yogurt starter good price made without using sugar easy use conjunction electric yogurt maker,0.8399,positive,0.681111111111111,positive,positive
5,"I'm not the type who buys a lot of stuff like this, but I read an article in a magazine extolling its benefits and I thought I'd give it a try.  Now I'm a believer.  I'm back to buy my second jar.  I add a spoonful to my tea every morning, and I just feel good all day.  I have lots more energy, and this from a mom with a large farmhouse to take care of, a part-time job, active volunteer jobs and a new puppy (I'm really busy).  Plus I did not get sick at all this winter, which is amazing to me.  My husband and daughter caught colds, plus I volunteer at the school library so I'm exposed to lots of germs, but if I felt like something was coming on I doubled my dose and it never turned into anything.  I also put it on my finger where a splinter turned into an infection, and one day later it was all better - more effective than neosporin. I also have had less adult acne than before - despite a lot of stress (my trigger).<br />The taste is so-so, better than medicine but not as tasty as regular honey.  I wouldn't buy it as a sweetener, I consider it a useful supplement that doesn't taste offensive.  But bottom-line, I'm back for more.",type buys lot stuff like read article magazine extolling benefits thought give try believer back buy second jar add spoonful tea every morning feel good day lots energy mom large farmhouse take care part time job active volunteer jobs new puppy really busy plus get sick winter amazing husband daughter caught colds plus volunteer school library exposed lots germs felt like something coming doubled dose never turned anything also put finger splinter turned infection one day later better effective neosporin also less adult acne despite lot stress trigger taste better medicine tasty regular honey buy sweetener consider useful supplement taste offensive bottom line back,0.9935,positive,0.20173160173160173,positive,positive
5,I love this yummy hot cereal!  I fix it in the microwave every morning as it is very quick and easy and it stays with me for hours.,love yummy hot cereal fix microwave every morning quick easy stays hours,0.9128,positive,0.4197916666666667,positive,positive
5,I accidentely was able to try this product some years back and have found that I drink it more than any other beverage.  Thank you for carrying it and alowing me to puchase it.,accidentely able try product years back found drink beverage thank carrying alowing puchase,0.3612,positive,0.21875,positive,positive
5,"This is one of my favorite M&M dispensers, but I like my BLUE hot rod variant even better ... probably because it is just a wee bit different.",one favorite dispensers like blue hot rod variant even better probably wee bit different,0.8442,positive,0.25,positive,positive
1,Very disappointed with this item because the illustration showed it contained pistachio nuts and there were none in my package.,disappointed item illustration showed contained pistachio nuts none package,-0.6901,negative,-0.9750000000000001,negative,negative
1,"Have ordered boxes on 3 occassions. Every box has contained a few Kcups with bad seals- coffee grounds explode and make a mess of your coffee maker and deposit gobs of grounds into your coffee cup. Do Not Buy, you will regret.",ordered boxes occassions every box contained kcups bad seals coffee grounds explode make mess coffee maker deposit gobs grounds coffee cup buy regret,-0.8316,negative,-0.35833333333333334,negative,negative
5,This formula is reasonably priced and it's great to be able to order it in bulk right online and delivered to my door!,formula reasonably priced great able order bulk right online delivered door,0.6588,positive,0.4642857142857143,positive,positive
4,"I cooked these exactly as directed, and avoided the strange issues some people reported in their negative reviews.  I'm guessing they cooked them wrong.<br /><br />These have nearly zero flavor and are very thin and light.  They don't work well as a noodle substitute in foods where the noodle/pasta is supposed to be the main ingredient, like spaghetti and meatballs.  These noodles are good in thins like oriental cooking where meat and veggies are the main stars and you put them on top of noodles.  Great for Thai dishes with curries and coconut, giving just enough noodle feel to make it more satisfying but keep carbs at bay.",cooked exactly directed avoided strange issues people reported negative reviews guessing cooked wrong nearly zero flavor thin light work well noodle substitute foods noodle pasta supposed main ingredient like spaghetti meatballs noodles good thins like oriental cooking meat veggies main stars put top noodles great thai dishes curries coconut giving enough noodle feel make satisfying keep carbs bay,0.6586,positive,0.2295238095238095,positive,positive
5,I am very pleased with this product.  I have 6 dogs and they love it.  Prior to feeding them an all natural dog food we had issues with some of our dogs eating feces and dirt.  We no longer have that problem.  They love the taste and we no longer have to buy additional supplements.,pleased product dogs love prior feeding natural dog food issues dogs eating feces dirt longer problem love taste longer buy additional supplements,0.7645,positive,0.35,positive,positive
5,"This is a wonderful product. No sugar, no caffine, but a wonderful rich taste.",wonderful product sugar caffine wonderful rich taste,0.9208,positive,0.7916666666666666,positive,positive
5,"Quinoa is a fast cooking antioxidant rich ""whole grain"" (actually a grass) that has a fairly complete amino acid profile. Check out the Harvard School of Public Health web site where the eminent nutrition specialist, Walter Willett, puts whole grains on the second level of his evidence based nutrition pyramid along with healthy oils and after exercise.<br /><br />This is a nutty tasting uniquely colored, delicious, whole food that has a centuries old history.",quinoa fast cooking antioxidant rich whole grain actually grass fairly complete amino acid profile check harvard school public health web site eminent nutrition specialist walter willett puts whole grains second level evidence based nutrition pyramid along healthy oils exercise nutty tasting uniquely colored delicious whole food centuries old history,0.875,positive,0.25000000000000006,positive,positive
5,"This mix makes excellent pancakes! Add a smushed banana for a special treat. These pancakes bake up fluffy, and delicious! It is my favorite gluten free mix! Buy the 6-pack, this flour mix freezes well, too.",mix makes excellent pancakes add smushed banana special treat pancakes bake fluffy delicious favorite gluten free mix buy pack flour mix freezes well,0.9681,positive,0.5261904761904762,positive,positive
5,"My kids love ramen noodles, and although I know they are high in salt and fat I buy them as an occasional treat.  For years their favorite has been the regular chicken flavor, but I bought these creamy chicken flavored ramen noodles after reading the reviews here on Amazon.<br /><br />The kids love them even better than the regular chicken ramen flavor.  They are expensive here on Amazon - .35 cents each as opposed to .20 for the regular chicken flavor at the grocery store.  But with a $25 purchase you get free Super Saver shipping. And I've never seen the creamy chicken brand in stores.",kids love ramen noodles although know high salt fat buy occasional treat years favorite regular chicken flavor bought creamy chicken flavored ramen noodles reading reviews amazon kids love even better regular chicken ramen flavor expensive amazon cents opposed regular chicken flavor grocery store purchase get free super saver shipping never seen creamy chicken brand stores,0.9814,positive,-0.03568627450980391,abstain,positive
2,"Very disappointing.  I can't believe he has his name on this.  Got the cherry tomato version, and was heavy on garlic, but mostly water.  Would not coat pasta.<br />Very disappointing!!!",disappointing believe name got cherry tomato version heavy garlic mostly water would coat pasta disappointing,-0.8343,negative,-0.37,negative,negative
2,"Many years ago (at least 10 years, maybe more) I remember eating Emerald Honey Roasted nuts on an airplane and I was thrilled and actually excited about the taste. It came in a little plastic bag. I raved to all my family and friends how great they tasted - just the right amount of salty and sweet.<br /><br />I'm eating some right now, not thrilled. Could just as easily be some generic brand, hardly any sweet at all. I bought this canister at a local supermarket.<br /><br />If you're into reusing or recycling plastic containers there's good and bad here. If you want to reuse the container you can remove the entire label and you have a tall dark green plastic containers with a screw on lid - the only marking is an impression on the top of the lid that says Emerald.<br /><br />Problem is, the top is number 5 plastic and the bottom is number 7. Number 7 is the most unhealthy and hardest to recycle plastic there is so you don't want to reuse this for food and your local area might not accept it for recycling. You can use it for nuts & bolts maybe in the garage? But in my opinion it shouldn't be used for these nuts, or any food. Number 7 shouldn't be used at all, ever, should be illegal. Gases leach off of it and into the food and into the air.....<br /><br />I think I'm going to throw these out now. I got them on sale so it's not too much of a waste. I just realized they use #7 plastic as I was writing this. Had I realized before, I would not have bought them. I'm going to pay more attention in the future when buying things in plastic jars.<br /><br />~<br /><br />Plastic #1: This is polyethylene terephtalate, also known as PETE or PET.  Most disposable soda and water bottles are made of #1 plastic, and it's usually clear. This plastic is considered generally safe. However, it is known to have a porous surface that allows bacteria and flavor to accumulate, so it is best not to keep reusing these bottles as makeshift containers. This plastic is picked up by most curbside recycling programs.<br /><br />Plastic #2: This is high density polyethylene, or HDPE.  Most milk jugs, detergent bottles, juice bottles, butter tubs, and toiletries bottles are made of this.  It is usually opaque. This plastic is considered safe and has low risk of leaching. It is also picked up by most recycling programs.<br /><br />Plastic #3: This is polyvinyl chloride, or PVC. It is used to make food wrap, bottles for cooking oil, and plumbing pipes. PVC is a tough plastic but it is not considered safe to cook food near it. There are phthalates in this material-softening chemicals that interfere with hormonal development. You should minimize use of #3 plastic around food as much as possible. Never cook using food wrap, especially in a microwave oven. If the wrap is listed as microwave-safe then I would still not let it touch the food while using it in the microwave. #3 plastic is rarely accepted by recycling programs.<br /><br />Plastic #4: This is low density polyethylene (LDPE). It is used to make grocery bags, some food wraps, squeezable bottles, and bread bags. This plastic is considered safe, but is unfortunately not often accepted by curbside recycling programs.<br /><br />Plastic #5: this is polypropylene. Yogurt cups and similar wide-necked containers are often made from it, as well as water bottles with a cloudy finish. You'll also find it in medicine bottles, ketchup and syrup bottles, and straws. This plastic is also considered safe, and is increasingly being accepted by curbside recycling programs.<br /><br />Plastic #6: this is polystyrene, or Styrofoam, from which disposable containers and packaging are made. You'll also find it in disposable plates and cups. Evidence is increasingly suggesting that this type of plastic leaches potentially toxic chemicals, especially when heated. I suggest avoiding the use of #6 plastic as much as possible. It is difficult to recycle and most recycling programs won't accept it.<br /><br />Plastic #7: This number basically means ""everything else."" It's a mixed bag, composed of plastics which were invented after 1987.  Polycarbonate falls into this category, including the dreaded BPA. So do modern plastics used in anything from iPods to computer cases. It also includes some baby bottles and food storage containers which resist staining. Use of #7 plastic is at your own risk, since you don't know what could be in it. You should dispose of any food or drink related product, especially for children, that is known to contain BPA. I personally also view any other food or drink container made from #7 plastic with a good deal of suspicion. It is difficult to recycle #7 plastic and most curbside recycling programs won't accept it.<br /><br />To summarize, plastics #2, #4 and #5 are generally considered safe. Plastic #1 is safe too but should not be re-used due to the risk of growing bacteria. Any other plastic should be used with extreme caution, especially around food or drink. The risk is even greater when heating food. For microwaving in particular, remember that microwave safe containers aren't necessarily healthy. They just won't melt. In general, it's better to avoid microwaving plastic entirely and stick to glass.",many years ago least years maybe remember eating emerald honey roasted nuts airplane thrilled actually excited taste came little plastic bag raved family friends great tasted right amount salty sweet eating right thrilled could easily generic brand hardly sweet bought canister local supermarket reusing recycling plastic containers good bad want reuse container remove entire label tall dark green plastic containers screw lid marking impression top lid says emerald problem top number plastic bottom number number unhealthy hardest recycle plastic want reuse food local area might accept recycling use nuts bolts maybe garage opinion used nuts food number used ever illegal gases leach food air think going throw got sale much waste realized use plastic writing realized would bought going pay attention future buying things plastic jars plastic polyethylene terephtalate also known pete pet disposable soda water bottles made plastic usually clear plastic considered generally safe however known porous surface allows bacteria flavor accumulate best keep reusing bottles makeshift containers plastic picked curbside recycling programs plastic high density polyethylene hdpe milk jugs detergent bottles juice bottles butter tubs toiletries bottles made usually opaque plastic considered safe low risk leaching also picked recycling programs plastic polyvinyl chloride pvc used make food wrap bottles cooking oil plumbing pipes pvc tough plastic considered safe cook food near phthalates material softening chemicals interfere hormonal development minimize use plastic around food much possible never cook using food wrap especially microwave oven wrap listed microwave safe would still let touch food using microwave plastic rarely accepted recycling programs plastic low density polyethylene ldpe used make grocery bags food wraps squeezable bottles bread bags plastic considered safe unfortunately often accepted curbside recycling programs plastic polypropylene yogurt cups similar wide necked containers often made well water bottles cloudy finish also find medicine bottles ketchup syrup bottles straws plastic also considered safe increasingly accepted curbside recycling programs plastic polystyrene styrofoam disposable containers packaging made also find disposable plates cups evidence increasingly suggesting type plastic leaches potentially toxic chemicals especially heated suggest avoiding use plastic much possible difficult recycle recycling programs accept plastic number basically means everything else mixed bag composed plastics invented polycarbonate falls category including dreaded bpa modern plastics used anything ipods computer cases also includes baby bottles food storage containers resist staining use plastic risk since know could dispose food drink related product especially children known contain bpa personally also view food drink container made plastic good deal suspicion difficult recycle plastic curbside recycling programs accept summarize plastics generally considered safe plastic safe used due risk growing bacteria plastic used extreme caution especially around food drink risk even greater heating food microwaving particular remember microwave safe containers necessarily healthy melt general better avoid microwaving plastic entirely stick glass,-0.7547,negative,0.16837497550460512,positive,negative
2,"This container had so many almonds in the mixture! A few almonds would've been ideal but the whole container was almonds 75% almonds! I counted the macadamia nuts in each can and there were about 4-5, and about 10 cashews, and the rest were those horrible almonds! I would've preferred peanuts! If you love almonds this is the best option for you! But if you're looking for macadamia and cashews you will be deeply depressed! I will not buy again! I cancelled my subscription because I can't keep eating cans full of almonds!",container many almonds mixture almonds would ideal whole container almonds almonds counted macadamia nuts cashews rest horrible almonds would preferred peanuts love almonds best option looking macadamia cashews deeply depressed buy cancelled subscription keep eating cans full almonds,-0.3522,negative,0.2791666666666667,positive,negative
4,LOVE these crunchy corn sticks. Taste like Cheetos. Maybe even better than Cheetos. No MSG and it is vegan. My only complaint is these chips can be too salty.,love crunchy corn sticks taste like cheetos maybe even better cheetos msg vegan complaint chips salty,0.7865,positive,0.175,positive,positive
2,"Sorry, but I was not a big fan of this flavored coffee.  The smell was too sweet and the flavor had an artificial and bitter taste.  It was drinkable, but I think I will stick to my Starbucks.",sorry big fan flavored coffee smell sweet flavor artificial bitter taste drinkable think stick starbucks,-0.3167,negative,-0.16999999999999998,negative,negative
1,This concoction was as bitter as a divorce after 20 years of marriage. I have thrown the other 5 cups away. Disgusting. Over powering bitter taste with the scent of a tinge of over ripe garbage. The good doctor should be charged with attempted poisoning.,concoction bitter divorce years marriage thrown cups away disgusting powering bitter taste scent tinge ripe garbage good doctor charged attempted poisoning,-0.8934,negative,-0.12500000000000006,negative,negative
2,I own an Illy x6 and it came with a sampler of illy ese pods. When those ran out I researched online and ordered these pods. First of all the pod is not tightly packed and has a looseness which makes the fit in the holder improper. As a result sometimes the illy machine keeps on going and overflows the normal quantity which an espresso cup would hold.<br /><br />Secondly the flavor body and aroma are diffuse and not good for espresso. If you are making a cappuccino you will likely not taste much difference. I do not recommend Lavazza for espresso on an illy machine.,illy x came sampler illy ese pods ran researched online ordered pods first pod tightly packed looseness makes fit holder improper result sometimes illy machine keeps going overflows normal quantity espresso cup would hold secondly flavor body aroma diffuse good espresso making cappuccino likely taste much difference recommend lavazza espresso illy machine,-0.2537,negative,0.16741071428571427,positive,negative
2,"I would not recommend that you try this if you have never tried salmon jerky before. I love fresh salmon and canned salmon, however these salmon sticks do not measure up. It's hard to describe the taste and it left an awful taste in my mouth. Very unsatisfied and am stuck with 5 packages of the stuff that I will never use, and I can't return it either.",would recommend try never tried salmon jerky love fresh salmon canned salmon however salmon sticks measure hard describe taste left awful taste mouth unsatisfied stuck packages stuff never use return either,-0.4594,negative,-0.04861111111111111,abstain,negative
1,"one star because when i called the company to ask them how much was almonds now and how much is hazelnut, they refused to tell me!<br /><br />not as good as the original, which you might still find in the small 1 ounce snack sizes!",one star called company ask much almonds much hazelnut refused tell good original might still find small ounce snack sizes,-0.4386,negative,0.2325,positive,negative
5,"In my opinion, this is the perfect flavor combination.  It's a great ""sweet treat"" and I would definitely buy this item again.",opinion perfect flavor combination great sweet treat would definitely buy item,0.9451,positive,0.5375,positive,positive
1,"While I will agree that it's pretty handy to be able to sub this cup for cup, the taste is so awful and the texture so gummy that it outweighs the convenience BY FAR!  Made banana muffins (with a recipe from the company) and the aftertaste is so bad I can't stomach them, even with lots of banana and sugars. Truly disgusting. If the taste were good I could overlook the gumminess bit add them together and it's beyond unpleasant. Yuck. So glad I only bought a small pack to try first!",agree pretty handy able sub cup cup taste awful texture gummy outweighs convenience far made banana muffins recipe company aftertaste bad stomach even lots banana sugars truly disgusting taste good could overlook gumminess bit add together beyond unpleasant yuck glad bought small pack try first,-0.3916,negative,-0.04711538461538459,abstain,negative
4,"When you come right down to it, I'd say <a href=""http://www.amazon.com/gp/product/B002WTQO52"">Frontera Roasted Tomato Taco Sauce Medium -- 8 fl oz</a> really isn't a bad taco sauce to try out.<br /><br />One thing is that even though it's labled as 'medium', it could EASILY pass for mild--and trust me, that's not a bad thing at all!<br /><br />Because for someone like me, I don't always like taco sauces that are erring in the way of tasting overly spicy or 'peppery'--I always like to taste my food you know, and NOT that annoying pepper taste. (But that's just me.)<br /><br />Anyway, this sauce has a nice flavor--a little tomato-y, a little sweet with a little taste of maybe vingegar. (If it had a little more of an announcement of garlic, then I would easily give it five stars.)<br /><br />The way it is now, I'd say it's really worth about 3-1/2 stars.  It could also be a tad more thicker--I mean, hey it DOES say gourmet on the label.  I think gourmet could stand for that.<br /><br />Eat well!!!",come right say frontera roasted tomato taco sauce medium fl oz really bad taco sauce try one thing even though labled medium could easily pass mild trust bad thing someone like always like taco sauces erring way tasting overly spicy peppery always like taste food know annoying pepper taste anyway sauce nice flavor little tomato little sweet little taste maybe vingegar little announcement garlic would easily give five stars way say really worth stars could also tad thicker mean hey say gourmet label think gourmet could stand eat well,0.977,positive,0.035359657462522044,abstain,positive
1,"I rarely write reviews but am shocked this rated so highly (which is why I bought it in the first place).  I am a big tea drinker and wanted a single box to consolidate all of my teas and clear out a cupboard. This was difficult to do as the tea bags don't fit in the box standing up, so you cannot really fit much more than the 64 tea bags it comes with, and all must lay flat for the box to close.  My main problem though is the box itself; it is a piece of junk.  It is made of that chemical-smelling made-in-China-furniture ""wood"", if you know what I mean.  You don't want your tea to taste/smell like that, especially if you want to store the teas that don't come in foil packets (uh, like Celestial Seasonings...).  I cannot believe this cost $55, it is worth maybe $20, counting the tea!!  Horrid quality for the outrageous price.",rarely write reviews shocked rated highly bought first place big tea drinker wanted single box consolidate teas clear cupboard difficult tea bags fit box standing cannot really fit much tea bags comes must lay flat box close main problem though box piece junk made chemical smelling made china furniture wood know mean want tea taste smell like especially want store teas come foil packets uh like celestial seasonings cannot believe cost worth maybe counting tea horrid quality outrageous price,-0.9017,negative,0.008028711484593845,abstain,negative
2,"A mediocre experience. The drink is too sweet, not spicy enough. But the real downside is the milk base which tastes like something made with dry milk powder dropshipped in a disaster area. Has little to do with the Tazo stuff one gets at Starbucks. Will keep looking.",mediocre experience drink sweet spicy enough real downside milk base tastes like something made dry milk powder dropshipped disaster area little tazo stuff one gets starbucks keep looking,-0.5994,negative,-0.14345238095238094,negative,negative
5,"This went down very smooth with no burn. On par with Patrone in my book. I havent tried the gold, but the silver has quickly become one of my favorites.",went smooth burn par patrone book havent tried gold silver quickly become one favorites,0.453,positive,0.2325925925925926,positive,positive
5,"My husband and I have tried all of the Dark Roasts we've been able to find, and we have chosen Emeril's Big Bold Easy as our personal favorite.  It's rich, not bitter, and tastes great.  We don't usually use milk or cream, so enjoy the plain strong taste of this coffee.",husband tried dark roasts able find chosen emeril big bold easy personal favorite rich bitter tastes great usually use milk cream enjoy plain strong taste coffee,0.9775,positive,0.22933673469387753,positive,positive
5,Love this Chai tea. It is the best. It also arrived very quickly. Thanks for getting it to me so quickly.,love chai tea best also arrived quickly thanks getting quickly,0.9114,positive,0.5083333333333333,positive,positive
1,"My dog would not eat this food.  I tried mixing dog gravy with it, putting his treats on it - no luck.<br /><br />I'm not sure why that was but think that is a bad thing.  I probably should have read the reviews online before buying it at petsmart.",dog would eat food tried mixing dog gravy putting treats luck sure think bad thing probably read reviews online buying petsmart,-0.7802,negative,-0.4749999999999999,negative,negative
5,We enjoy clam chowder.  These clams are the best we have ever tasted for making fine clam chowder.,enjoy clam chowder clams best ever tasted making fine clam chowder,0.8481,positive,0.6055555555555555,positive,positive
1,"When I saw the price of this Coffee Mate I couldn't believe the price, I can get the same exact size at my grociery store for $6.99 for 3 that would be $20.97 they are asking $37.99.. I like coffee mate but not at your price, sorry this is not a good deal....",saw price coffee mate believe price get exact size grociery store would asking like coffee mate price sorry good deal,-0.4232,negative,-0.15,negative,negative
1,"Disgusting and a waste of money. Salmon is more like rotten cat food, and the rest is barely passable as edible food. Tiny portions top off a horrendous buying experience.",disgusting waste money salmon like rotten cat food rest barely passable edible food tiny portions top horrendous buying experience,-0.8746,negative,-0.024999999999999984,abstain,negative
5,My dog loves the Nylabones.  They last forever and much better for her.  I will never get a soft fabric toy again,dog loves nylabones last forever much better never get soft fabric toy,0.765,positive,0.19999999999999998,positive,positive
5,"I exclusively pump for my daughter (who is now 3 months old). I have an oversupply and am building up quite a large freezer stash. Originally, I was using Lansinoh bags but had some leakage issues. With the use of Amazon.com, I was able to browse similar products and came upon Honeysuckle brand bags. The price was right, so I ordered the 300 pack. Gosh, I'm so happy I did.<br /><br />The bags are completely sealed to prevent contamination from shipping and general handling. The top has a spacious area to write details like ounces, date, and child's name. As an exclusive pumper, I put 6 oz of breast milk into each bag, freeze them flat in my kitchen freezer, and then I transfer them into 1 gallon freezer bags (in packs of 10) to head into my chest freezer. When I want to use up some older milk to help shuffle my stash, I take these back out and thaw them in my fridge. These bags haven't leaked once. The edges are reinforced and sturdy. The zip top is easy to close, has double zips, and feels secure once they are zipped. I couldn't be happier with this product and wish more pumpers knew about it.",exclusively pump daughter months old oversupply building quite large freezer stash originally using lansinoh bags leakage issues use amazon com able browse similar products came upon honeysuckle brand bags price right ordered pack gosh happy bags completely sealed prevent contamination shipping general handling top spacious area write details like ounces date child name exclusive pumper put oz breast milk bag freeze flat kitchen freezer transfer gallon freezer bags packs head chest freezer want use older milk help shuffle stash take back thaw fridge bags leaked edges reinforced sturdy zip top easy close double zips feels secure zipped happier product wish pumpers knew,0.9836,positive,0.27222222222222225,positive,positive
5,"This tea is the best I have ever tasted! My whole family loves it! We can't find it locally, thank God for Amazon!",tea best ever tasted whole family loves find locally thank god amazon,0.9334,positive,0.4166666666666667,positive,positive
1,I've been eating Quaker Instant Oatmeal for years. I like most of the flavors ( even the plain ) and the banana cream is wonderful but they only sell it in the variety pack. I figured this would taste just as good as the banana cream so I ordered it. That was a mistake. This was terrible ! It had almost no taste and the taste it had was that of a diet after-taste. That's the only way to explain it. It has a chemical and paste taste...if that makes sense. I thought of donating it to my local foodbank but I feel bad giving such a terrible tasting product to a family in need.,eating quaker instant oatmeal years like flavors even plain banana cream wonderful sell variety pack figured would taste good banana cream ordered mistake terrible almost taste taste diet taste way explain chemical paste taste makes sense thought donating local foodbank feel bad giving terrible tasting product family need,-0.8674,negative,-0.05952380952380953,negative,negative
5,This does exactly what it's made for. I grind up almonds and water to get almond milk and strain it through the bag. The liquid comes through with no debris what so ever. And then you can keep the grounds and dry them. Turn the bag inside out and it cleans right up no problem. Also got a coupon for other items the seller makes and some free samples. Definitely worth the 12 bucks.,exactly made grind almonds water get almond milk strain bag liquid comes debris ever keep grounds dry turn bag inside cleans right problem also got coupon items seller makes free samples definitely worth bucks,0.7755,positive,0.17400793650793653,positive,positive
1,Mallo cups are usually one of my favs.  However these were not stored properly and every piece has the paper cup welded to the candy bar. Impossible to remove entirely from the bar you're forced to eat paper with each cup.,mallo cups usually one favs however stored properly every piece paper cup welded candy bar impossible remove entirely bar forced eat paper cup,-0.4588,negative,-0.24333333333333335,negative,negative
1,"This product has almost no flavor and aroma, contrary to the product's description.<br /><br />I have read that some companies use Chinese instead of European black truffles. The Chinese are supposedly cheaper because they lack the flavor and aroma of the French and Italian black truffles.<br /><br />This product is certainly not worth the price.  You basically get a tube full of what may well have been a paste made from black colored cardboard and oil.",product almost flavor aroma contrary product description read companies use chinese instead european black truffles chinese supposedly cheaper lack flavor aroma french italian black truffles product certainly worth price basically get tube full may well paste made black colored cardboard oil,-0.0959,negative,-0.029999999999999992,abstain,negative
1,"I have read the other reviews about this and I do not understand how people could think this tasted good. I thought it was horrible and I couldn't even finish it. It left a terrible almost metallic aftertaste that made me want to rinse my mouth out. Maybe I received a bad package. I also had a friend try and he thought it was terrible, as well.",read reviews understand people could think tasted good thought horrible even finish left terrible almost metallic aftertaste made want rinse mouth maybe received bad package also friend try thought terrible well,-0.6908,negative,-0.44642857142857145,negative,negative
5,"The only ingredient listed is organic wheat.  So this cereal isn't fortified with additional vitamins and minerals like Malt-o-Meal and Cream-of-Wheat.  You may view that as a negative or a positive, depending on your preferences.<br />I like to have those extra vitamins added, but it won't stop me from ordering this again.  The texture and taste of this cereal was fantastic and the kids gobbled it up.",ingredient listed organic wheat cereal fortified additional vitamins minerals like malt meal cream wheat may view negative positive depending preferences like extra vitamins added stop ordering texture taste cereal fantastic kids gobbled,0.8652,positive,0.06545454545454546,positive,positive
5,"These ravioli are good for snacks, or work lunches, good microwavable container.  Easy to store and to travel with.  Your basic old time Chef Boyardee product.",ravioli good snacks work lunches good microwavable container easy store travel basic old time chef boyardee product,0.8271,positive,0.38666666666666666,positive,positive
5,"I used these on cake pops for Easter.  Everything is pastel coloring, I really like that they give you such a wide variety!",used cake pops easter everything pastel coloring really like give wide variety,0.474,positive,0.025000000000000005,abstain,positive
1,"I had a very hard time working with these wrappers as they were slimey and so thin that when I tried to roll them they would rip.  When I put them in the hot oil, they burst open and all the ingredients came out of them and floated around in the oil.  I threw the remaining wrappers in the garbage.",hard time working wrappers slimey thin tried roll would rip put hot oil burst open ingredients came floated around oil threw remaining wrappers garbage,-0.1761,negative,-0.1322916666666667,negative,negative
4,"I have tried to skip citrus juice to cut calories. This item is a little too sweet for me, but still tastes good. Couldn't stand the brands with NutriSweet, Loved Arizona, this one's OK.",tried skip citrus juice cut calories item little sweet still tastes good stand brands nutrisweet loved arizona one ok,0.8888,positive,0.4125,positive,positive
1,"I ordered 2 cases of Campbell's soup.  They were obviously packed by an incompetent employee - who just put the tray of cans in the bottom of a much larger box and threw a couple of pieces of bubble wrap on top.  Both cartons arrived with no external damage, but the heavy cans had shifted around, in one carton 3 were open, with soup spilled around.  In both boxes, several cans were dented.  This was not the shipping carrier's fault - this was just incredibly poor packing.  I sent a photo and described the damage in the packaging review that was available right after purchase.  Amazon did not bother to even acknowledge that.  Beware of ordering any canned products from Amazon, I certainly will not do it again.",ordered cases campbell soup obviously packed incompetent employee put tray cans bottom much larger box threw couple pieces bubble wrap top cartons arrived external damage heavy cans shifted around one carton open soup spilled around boxes several cans dented shipping carrier fault incredibly poor packing sent photo described damage packaging review available right purchase amazon bother even acknowledge beware ordering canned products amazon certainly,-0.7287,negative,0.0375,abstain,negative
5,"I bought these cookies as a gift. It took only four days to have them delivered. I was very pleased with the product! Each cookie is individually wrapped and the cookies were fresh and had that wonderful crisp to compliment that classic fortune cookie flavor. Do not be discouraged by the price! These fortune cookies are ABSOLUTELY worth it! The only down-sides to this product are that (1) they do not come in the box pictured on the Amazon page (they come in the brown cardboard delivery box with ""fortune cookies"" printed on it) and (2) a portion of the cookies are damaged (however this was expected when ordering anything this fragile). Overall, an excellent buy. I would recommend these to anyone looking for fortune cookies!",bought cookies gift took four days delivered pleased product cookie individually wrapped cookies fresh wonderful crisp compliment classic fortune cookie flavor discouraged price fortune cookies absolutely worth sides product come box pictured amazon page come brown cardboard delivery box fortune cookies printed portion cookies damaged however expected ordering anything fragile overall excellent buy would recommend anyone looking fortune cookies,0.9765,positive,0.29583333333333334,positive,positive
1,"My pomeranian is 11 and will eat any treats. Heck, she eats more produce than most people do. So we bought the duck jerky and peanut butter bits. She won't touch either one. Now, she has never been given duck food so I'm not shocked that she wouldn't put it in her mouth, but she eats peanut butter like crazy. So, I looked at the ingredients and both packages contain tumeric, rosemary, and sage. I think that the seasoning may be what turn many dogs off. My dog won't eat seasoned meat. I'm not positive that this is the problem, or everyone's problem, but I don't see any other ingredients that would turn off dogs. Our pet supply store gave us a full refund and we chose another treat that she goes crazy over.",pomeranian eat treats heck eats produce people bought duck jerky peanut butter bits touch either one never given duck food shocked put mouth eats peanut butter like crazy looked ingredients packages contain tumeric rosemary sage think seasoning may turn many dogs dog eat seasoned meat positive problem everyone problem see ingredients would turn dogs pet supply store gave us full refund chose another treat goes crazy,-0.8681,negative,0.10113636363636362,positive,negative
5,"As always, when I purchase from here I receive it quickly and it is exactly what I want.  Will shop here again",always purchase receive quickly exactly want shop,0.0772,positive,0.29166666666666663,positive,positive
5,We had this pumpkin spice coffee with our dessert on Thanksgiving. It was outstanding. Excellent flavor and easy to make. I highly recommend this Latte.,pumpkin spice coffee dessert thanksgiving outstanding excellent flavor easy make highly recommend latte,0.9245,positive,0.5233333333333333,positive,positive
5,My husband LOVES red vines so I got this as a present! I know he'll love it! He'll have red vines forever with this HUGE tub! :),husband loves red vines got present know love red vines forever huge tub,0.952,positive,0.2708333333333333,positive,positive
2,"I LOVE this coffee.  Unfortunately, I have a box and a half that will never get used.  Why?  Because I bought them and 4 out of the first 10 cups used blew open inside my Keurig brewer, blowing hot water and coffee grounds all over the inside of my brewer and all over my countertop.<br /><br />I can't say what the problem was - maybe I just got a bad batch of K-Cups, but for there to be that many defective cups in one box was very odd.  I've never, ever had that happen with any other K-Cups by Green Mountain or any other company.<br /><br />Anyone wanna buy a box and a half of these?  :-)",love coffee unfortunately box half never get used bought first cups used blew open inside keurig brewer blowing hot water coffee grounds inside brewer countertop say problem maybe got bad batch k cups many defective cups one box odd never ever happen k cups green mountain company anyone wanna buy box half,-0.7567,negative,-0.014285714285714275,abstain,negative
5,"Ten-Chi Cha has met all my expectations. After drinking it, I felt clean, refreshed, and energized. Ten-Chi Cha is A+++",ten chi cha met expectations drinking felt clean refreshed energized ten chi cha,0.7184,positive,0.3666666666666667,positive,positive
2,"Not a terrible product, but tastes no where near to the ""real thing"" that you get from a Barnie's Coffee shop.",terrible product tastes near real thing get barnie coffee shop,-0.2554,negative,0.26666666666666666,positive,negative
1,"""Blends smooth and creamy for a sweet tasting protein""  is in the item description. I don't know who wrote this but they must not have ever smelled or tasted this stuff! Based on the description, I purchased a few of these bags. They come vacuum sealed. The color of the powder is a light olive green. The taste is a combination of powdered sawdust, wheatgrass and every dark green health food store drink you've ever had. The only reason it gave it a star at all is well, there's no choice for zero, and it probably does have decent nutritional properties. But while forcing myself to drink this stuff, I got flashbacks from 3 years old when I was forced to eat spinach. The good news is Amazon refunded the cost of the purchase even though it's a ""non-refundable"" product. You have to call them to do it. They didn't even want me to send back the unopened bags! But I really want to return them. It seems a shame to have to throw them away.",blends smooth creamy sweet tasting protein item description know wrote must ever smelled tasted stuff based description purchased bags come vacuum sealed color powder light olive green taste combination powdered sawdust wheatgrass every dark green health food store drink ever reason gave star well choice zero probably decent nutritional properties forcing drink stuff got flashbacks years old forced eat spinach good news amazon refunded cost purchase even though non refundable product call even want send back unopened bags really want return seems shame throw away,-0.3458,negative,0.08972222222222223,positive,negative
1,Very disappointed I usually use Trader Joes punkin pancake mix and this was not the same. I even tried adding pumpkin spice to the mix and it came up short. Very disappointing.,disappointed usually use trader joes punkin pancake mix even tried adding pumpkin spice mix came short disappointing,-0.7837,negative,-0.40099999999999997,negative,negative
5,"I thought the five-flavor sour gummies(in the green bag) was fantastic. Then I tried the mix o reds, and now the red ones are all I want.  This is my addiction - they are SO good!  Perfectly sour, and perfectly juicy... perfectly addictive!  I'd buy them here, but this is a ridiculously high price for this candy.  The grocery store usually has them for $1.50 or $1.75 per pack, and occasionally, $1 per pack.  Now do the math on these (divide by 12, and...whatever!).",thought five flavor sour gummies green bag fantastic tried mix reds red ones want addiction good perfectly sour perfectly juicy perfectly addictive buy ridiculously high price candy grocery store usually per pack occasionally per pack math divide whatever,0.8845,positive,0.15318181818181817,positive,positive
2,"The tea arrived in a timely fashion, but unfortunately it was stale and rather flavourless. It does not compare with the product as purchased in the UK or sent to Paris.",tea arrived timely fashion unfortunately stale rather flavourless compare product purchased uk sent paris,-0.4767,negative,-0.5,negative,negative
1,"Was so anxious to try this product, wanted to find a super healthy dressing, thought this was it, BOY was I wrong, this is the worst dressing ever, YUCK :(",anxious try product wanted find super healthy dressing thought boy wrong worst dressing ever yuck,-0.6997,negative,-0.2777777777777778,negative,negative
5,This flavor Godiva coffee is my absolute favorite over all other blends and brands.  It is a light vanilla flavor and great for after dinner or breakfast.  I will never buy Starbucks or any other brand as Godiva vanilla has won me over.  It also makes a lovely gift for coffee drinkers; the packaging is pretty. This incidentally makes a week's -12 days worth of coffee or 25 pots of 12 cups each....it makes allot. 5 stars.,flavor godiva coffee absolute favorite blends brands light vanilla flavor great dinner breakfast never buy starbucks brand godiva vanilla also makes lovely gift coffee drinkers packaging pretty incidentally makes week days worth coffee pots cups makes allot stars,0.9705,positive,0.3,positive,positive
1,"These strawberry laces are absolutely awful. Too soft, stuck to my teeth. And a terrible artificial flavor. I should have paid attention to the reviews before purchasing this item. They are headed for the trash.",strawberry laces absolutely awful soft stuck teeth terrible artificial flavor paid attention reviews purchasing item headed trash,-0.8122,negative,-0.625,negative,negative
5,"My wife bought me some of this as a surprise gift a couple days ago.  I love cooking and paprika is one of my favorite ingredients.  This paprika is pretty hot, so it will be great in blackening seasoning and is really good on chicken.  I also used it in a butter garlic cream pasta last night with imitation crab meat and it was very good.  Also, this is not bad for the price.",wife bought surprise gift couple days ago love cooking paprika one favorite ingredients paprika pretty hot great blackening seasoning really good chicken also used butter garlic cream pasta last night imitation crab meat good also bad price,0.9813,positive,0.3206060606060606,positive,positive
1,"I have eaten hot wasabe spiced edamame many times before, eat hotter thai food than some of my Thai family members, and I enjoy hot food generally, and use more Wasabe on my sushi than any others I eat with. I ordered 12 packages of this edamame wasabi, and something clearly went wrong in production. One minute you will have a bite with moderate spicing, and the next you will have enough to want to spit out the nuts, guzzle water, and make you worry you have damaged your sinuses. I kid you not. The process of distribution of wasabe over the nuts is WILDY uneven with spikes best termed hazardous to your health!",eaten hot wasabe spiced edamame many times eat hotter thai food thai family members enjoy hot food generally use wasabe sushi others eat ordered packages edamame wasabi something clearly went wrong production one minute bite moderate spicing next enough want spit nuts guzzle water make worry damaged sinuses kid process distribution wasabe nuts wildy uneven spikes best termed hazardous health,-0.3382,negative,0.2214285714285714,positive,negative
2,"Parthenon Foods shipping from Chicago to here was exhorbitant - it cost much more than I paid for the product.  Only 1 type of shipping was allowed, and I did not need it so fast.  I would have preferred shipping to my mailbox at a lower shipping cost.<br /><br />What arrived was not exactly what I ordered. I ordered 2, 3 liter bottles of sunflower oil, said to be in stock.  I received 6 1 liter bottles, without explanation for the substitution.  I did not complain because the end amount of oil was the same.  However, no-one contacted me about the substitution and asked if it was okay.  Overall, the oil seems okay, but this is not the ideal way to do business !!",parthenon foods shipping chicago exhorbitant cost much paid product type shipping allowed need fast would preferred shipping mailbox lower shipping cost arrived exactly ordered ordered liter bottles sunflower oil said stock received liter bottles without explanation substitution complain end amount oil however one contacted substitution asked okay overall oil seems okay ideal way business,-0.5256,negative,0.28611111111111115,positive,negative
5,"This has been my favorite candy for years,<br />Love having a big jar to share with my friends.<br />My Pitbull adores this candy and I cannot even<br />sneak a piece without her finding me and drooling<br />and begging for a bite.",favorite candy years love big jar share friends pitbull adores candy cannot even sneak piece without finding drooling begging bite,0.9001,positive,0.25,positive,positive
1,I haven't tried this and nor would I at a price of 6.99 for one bottle of water..The concept of the black water seems utterly ridiculous and the price is absolutely outrageous. I can't see this product surviving,tried would price one bottle water concept black water seems utterly ridiculous price absolutely outrageous see product surviving,-0.5975,negative,-0.5,negative,negative
5,"Check the picture I've submitted to see the kind of color that just a little of the dye give you. There's a good mix of color choice here, everything from black to light flesh tone to violet. I've only made one cake with it so far but I only needed a little for spectacular results. I'll get a lot of use out of the amount provided, and when I'm done I will be coming back to this brand for more. There is a huge difference between this and normal liquid food dye that most of us grew up with!<br /><br />--Updated April 2011--<br /><br />The same jars have been in use for ages now and still continue to impress me. Just last week I used them to color some home made play dough with fantastic results-- I expected that there would be an issue with the dye coming off on little hands during playtime, but we were careful to mix the dye in with the dough and haven't had any issues. I highly recommend this set whenever someone I know is looking to do something involving food dye.",check picture submitted see kind color little dye give good mix color choice everything black light flesh tone violet made one cake far needed little spectacular results get lot use amount provided done coming back brand huge difference normal liquid food dye us grew updated april jars use ages still continue impress last week used color home made play dough fantastic results expected would issue dye coming little hands playtime careful mix dye dough issues highly recommend set whenever someone know looking something involving food dye,0.9707,positive,0.1627651515151515,positive,positive
5,"I'm surprised I haven't seen a commercial yet that shows gummy worms wiggling out of the bag and dancing on the grocery store floor, lol.  Seems like a fairly obvious and outrageous idea that would be wonderful and whacky to implement but, to my knowledge, hasn't been used yet.  Anyway I remember 5th grade science class and how this one teacher came up with an idea to put gummy worms in chocolate cake mix and we'd pretend it's real worms in soil.  She'd pass out cups of worms/cake mix to the kids and we'd all laugh.  That actually encouraged me to pass science class that year, believe it or not and I wasn't even a fan of gummy worms back then!  It's true, I didn't actually appreciate the fine flavor until I was about 20.  Before then, all gummy-related things would stick to the roof of my mouth and cause unsatisfaction.  Pick up this bag of Trolli Gummy Squiggles today so your friends or students can share the same joys.",surprised seen commercial yet shows gummy worms wiggling bag dancing grocery store floor lol seems like fairly obvious outrageous idea would wonderful whacky implement knowledge used yet anyway remember th grade science class one teacher came idea put gummy worms chocolate cake mix pretend real worms soil pass cups worms cake mix kids laugh actually encouraged pass science class year believe even fan gummy worms back true actually appreciate fine flavor gummy related things would stick roof mouth cause unsatisfaction pick bag trolli gummy squiggles today friends students share joys,0.9765,positive,0.15476190476190474,positive,positive
4,"After a 20 minute web search, here are the ingredients (Thai Pavilion Garlic Basil Stir Fry Rice Noodles With Sauce, 7.05-Ounce Boxes (Pack of 6)):<br /><br />Stir-Fry Rice Noodle Ingredients: Rice Flour, Water, Salt. Sauce Ingredients: Fresh Garlic, Fresh Green Chilies, Soy Oil, Oyster Sauce (Water, Cane Sugar, Salt, Oyster Extract, Cornstarch)Fish Sauce (Anchovies, Salt, Water, Cane Sugar, Vinegar)Cane Sugar, Fresh Thai Basil, Soy Sauce (Water, Soybeans, Salt, Cane Sugar, Vinegar)Salt.",minute web search ingredients thai pavilion garlic basil stir fry rice noodles sauce ounce boxes pack stir fry rice noodle ingredients rice flour water salt sauce ingredients fresh garlic fresh green chilies soy oil oyster sauce water cane sugar salt oyster extract cornstarch fish sauce anchovies salt water cane sugar vinegar cane sugar fresh thai basil soy sauce water soybeans salt cane sugar vinegar salt,0.7096,positive,0.175,positive,positive
1,"I received the item today. The package and the outer box is completely fine. But the titles are in horrible shape. They are all broken, and the colors are mixed. Some titles are just half full. It looked like it was broken before, been returned and repacked.<br /><br />Totally upset. I should have gone with the powder version on ebay.",received item today package outer box completely fine titles horrible shape broken colors mixed titles half full looked like broken returned repacked totally upset gone powder version ebay,-0.9336,negative,-0.17142857142857143,negative,negative
5,"This product has made my life easier and more delicious.  I use the salts in my everyday life and for entertaining.  I get home after a long day and rub the Himalayan Pink Island on some fish and have great flavor on a healthy dish.  When I am being more indulgent, the smokehouse blend is perfect for brisket.  The porcini mushroom makes a great risotto and I save a fortune not having to buy porcini mushrooms.  I highly suggest visiting the Artistic Taste website and checking out the all recipes.  It is my go-to place whenever I am entertaining.  I am sure to make great food with relative ease.  Also, the well designed jars look great in my kitchen.",product made life easier delicious use salts everyday life entertaining get home long day rub himalayan pink island fish great flavor healthy dish indulgent smokehouse blend perfect brisket porcini mushroom makes great risotto save fortune buy porcini mushrooms highly suggest visiting artistic taste website checking recipes go place whenever entertaining sure make great food relative ease also well designed jars look great kitchen,0.9925,positive,0.46351851851851855,positive,positive
1,"The last shipping I got, the tea is so horrible. It is like the 3rd time that you put water in...It is so weak. It hardly tasted like green tea that I used to get. I don't know what wrong with it. I ordered 6 boxes/each. So, it took me a few months to finish all 6 boxes. With 2nd package with 6 boxes those a received about a couple months ago, they are so terrible. It almost does not smell like a real tea any more.",last shipping got tea horrible like rd time put water weak hardly tasted like green tea used get know wrong ordered boxes took months finish boxes nd package boxes received couple months ago terrible almost smell like real tea,-0.8425,negative,-0.2388888888888889,negative,negative
5,"I've tried most of the Popchips flavors, and the barbecue flavor is my favorite. It has a sweet spiciness, but nothing is overpowering; just the right balance of smoke, sweet, and spice, they're all good, but the barbecue has the most robust flavor.<br /><br />Popchips are a good choice for those who are trying to trim a few pounds. They're tasty and filling, but relatively low in calories compared to traditional chips. I parcel mine out into sandwich-size reclosable bags to help with portion control, and still manage to have a satisfying snack that fits in my program.",tried popchips flavors barbecue flavor favorite sweet spiciness nothing overpowering right balance smoke sweet spice good barbecue robust flavor popchips good choice trying trim pounds tasty filling relatively low calories compared traditional chips parcel mine sandwich size reclosable bags help portion control still manage satisfying snack fits program,0.9754,positive,0.34880952380952385,positive,positive
5,I bought this package because in the afternoons I usually get hungry during work in my office but did not want to use those vending machines which have large size of snickers.<br />I ordered this from Amazon and received it very quickly and now in the afternoons I have one of these bars (fun size) as a snack. Each one has only 80 calories and is good for me as a man of medium size body.<br />I always loved snickers!!!,bought package afternoons usually get hungry work office want use vending machines large size snickers ordered amazon received quickly afternoons one bars fun size snack one calories good man medium size body always loved snickers,0.9534,positive,0.34251700680272107,positive,positive
5,"Tuna is a big hit with my kitties, so I knew they would love this pate, and they did!  They always go nuts when I open a can of tuna for myself, so now when I do, I will keep these on hand so they don't feel so bad!  And it has vitamins and supplements in there too, so it makes for a great little meal for them.  Love it!",tuna big hit kitties knew would love pate always go nuts open tuna keep hand feel bad vitamins supplements makes great little meal love,0.8953,positive,0.1410714285714286,positive,positive
5,"We first discovered and bought Michael Season's at Fred Meyer because they are reduced fat and salt, and the taste and consistency are great. But FM stocks only Thin and Crispy and my wife wanted a sturdier version to use with dips. After getting product descriptions from the Michael Season's web site we discovered that they also make reduced fat and sodium Ripple chips. Found that Amazon had them in stock, ordered and received them promptly with free shipping. My wife says that she likes the taste as much as the Thin and Crispy and that the Ripple also stand up to using with thick dips.<br /><br />Also we found that Michael Season's are almost entirely whole chips, whether ordered online or bought from a store, unlike Frito-Lay. After I watched a Frito-Lay sales and stock person literally crush each bag of F-L chips apparently so that he could get more bags into the allotted space I could understand why. Michael Season's is a winner for several reasons. And with Amazon, the price per bag is lower than if bought locally.",first discovered bought michael season fred meyer reduced fat salt taste consistency great fm stocks thin crispy wife wanted sturdier version use dips getting product descriptions michael season web site discovered also make reduced fat sodium ripple chips found amazon stock ordered received promptly free shipping wife says likes taste much thin crispy ripple also stand using thick dips also found michael season almost entirely whole chips whether ordered online bought store unlike frito lay watched frito lay sales stock person literally crush bag f l chips apparently could get bags allotted space could understand michael season winner several reasons amazon price per bag lower bought locally,0.946,positive,0.1,positive,positive
1,"I absolutely ADORE the Original Flavor of Zola Acai Drinks and I've had a standing subscription order for a couple of years - for both the smaller, 12 oz bottles and the larger 32 oz size.  But the last three months of the 32 oz size have been UNDRINKABLE!  I don't know if anyone else has experienced this problem, but I am so disappointed because it's always been top-quality before these last 3 shipments.<br /><br />Each of the 8 32-oz size bottles have had thick green stuff floating around in it...it's almost a neon green color, and it is a consistency kind of like algae. Weirdly enough, the 12-oz bottles in my order have been fine. The first time my order was like that, I shrugged it off and thought that maybe I had let 1-2 bottles sit outside in my car in the Florida summer heat, but every single bottle had green junk floating all through it, and I know that I did not even take 6-7 bottles in my car or any other place where it could have gotten contaminated.<br /><br />The second month/order it happened, I saved the receipt, took photos of the green stuff, and tried to contact the seller and Amazon. Unfortunately they do not accept returns! At the time I was so busy I forgot to cancel my standing order of the 32 oz bottles and so they shipped a third month of the 32-oz bottles and they too had the same problem. Each month I have also received my standing order of 2 boxes of 12-oz drinks and they have been FINE - no green gunk. But I've been stuck having to pour out each of the 32-oz bottles, and at a cost of close to $50 each time, that has been a HUGE waste of $$ for me.<br /><br />I don't know whether the problem has been only with bottles shipped from my seller (?) or if it is affecting everyone's orders. I have noticed that some other distributors online do accept returns, but I am not willing to risk going through this again with someone different. Maybe some purchasers actually drink the tall bottles with the green gunk, and maybe it wouldn't harm me or my kids, but it makes me queasy to see that in a glass when I pour a drink...and it tastes a little funky - so down the drain they go. In the 2-3 years I've been buying Zola drinks, I've never had this problem, so maybe it's temporary or maybe there's a logical explanation that I'm just not aware of. Good luck if you try the tall bottles.",absolutely adore original flavor zola acai drinks standing subscription order couple years smaller oz bottles larger oz size last three months oz size undrinkable know anyone else experienced problem disappointed always top quality last shipments oz size bottles thick green stuff floating around almost neon green color consistency kind like algae weirdly enough oz bottles order fine first time order like shrugged thought maybe let bottles sit outside car florida summer heat every single bottle green junk floating know even take bottles car place could gotten contaminated second month order happened saved receipt took photos green stuff tried contact seller amazon unfortunately accept returns time busy forgot cancel standing order oz bottles shipped third month oz bottles problem month also received standing order boxes oz drinks fine green gunk stuck pour oz bottles cost close time huge waste know whether problem bottles shipped seller affecting everyone orders noticed distributors online accept returns willing risk going someone different maybe purchasers actually drink tall bottles green gunk maybe harm kids makes queasy see glass pour drink tastes little funky drain go years buying zola drinks never problem maybe temporary maybe logical explanation aware good luck try tall bottles,-0.8244,negative,0.020471230158730164,abstain,negative
2,"I bought this based on other reviews. Wow, I'm disappointed. Maybe, (let's give them the benefit of the doubt), I got a bad batch. I knew something was up when I opened the bag and smelled how skunky it was. Thought, hmm, that doesn't smell much like coffee. Not fresh roasted anyhow. Brewing in my Bialetti was a big disappointment. Tasted like it smelled, old socks. Weird aftertastes. I drink my coffee black so it is of course less forgiving. Perhaps one can get by with crutches to mask the flavor but it shouldn't be necessary. I'm going to cut this with espresso beans to mask the flavor somewhat and try not to feel to bad about my wasted purchase. Will not buy any of their products again.",bought based reviews wow disappointed maybe let give benefit doubt got bad batch knew something opened bag smelled skunky thought hmm smell much like coffee fresh roasted anyhow brewing bialetti big disappointment tasted like smelled old socks weird aftertastes drink coffee black course less forgiving perhaps one get crutches mask flavor necessary going cut espresso beans mask flavor somewhat try feel bad wasted purchase buy products,-0.9364,negative,-0.24388888888888885,negative,negative
1,"What a disappointment - not nearly as good as I had hoped. Bitter, not peachy enough and not sweet at all.",disappointment nearly good hoped bitter peachy enough sweet,-0.8119,negative,-0.24500000000000002,negative,negative
1,"Oh, convenience.  You bring me back time and again to products that I should probably know better than to try. Like the other dozen or so one-star reviewers, I picked up this mix for some quick brownies and wound up with a full-blown gluten reaction - bloating, pain, nausea, the whole deal. I know this was the source of the problem because I haven't had anything new, different, or strange in a week or so. It couldn't have been the xantham gum because I had a very small portion - if the laxative effect is that strong in what would normally be considered a very, very small brownie (1.5"" by 1.5"",) then too much xantham gum is being used. The sad thing is, I used my brand new non-stick baking pan for this and now have to replace it (for the unaware, gluten can hang on in plastic, silicone, and non-stick coatings.) I'm just glad I had these after my anaphylacticly allergic child went to bed!",oh convenience bring back time products probably know better try like dozen one star reviewers picked mix quick brownies wound full blown gluten reaction bloating pain nausea whole deal know source problem anything new different strange week xantham gum small portion laxative effect strong would normally considered small brownie much xantham gum used sad thing used brand new non stick baking pan replace unaware gluten hang plastic silicone non stick coatings glad anaphylacticly allergic child went bed,-0.3595,negative,0.081729055258467,positive,negative
2,"The product was on time and came as advertise. My problem was with the taste, i love korean food and fish but just could not get past the fish smell(strangly no fish taste whatsoever). i rinsed the noodles and re rinsed them my entire kitchen reeked of old fish, and the texture of the noodles was very strange to say the least.",product time came advertise problem taste love korean food fish could get past fish smell strangly fish taste whatsoever rinsed noodles rinsed entire kitchen reeked old fish texture noodles strange say least,-0.8266,negative,-0.0025000000000000022,abstain,negative
1,"i have previously tried these from Whole Foods so i knew exactly what to expect.  however, when i opened the first bag, they were STALE, which made them taste bland and disgusting.  i have 23 more bags left... i'd be better off having real cardboard.",previously tried whole foods knew exactly expect however opened first bag stale made taste bland disgusting bags left better real cardboard,-0.128,negative,0.006060606060606064,abstain,negative
4,"Great cereal that we can highly recommend.  However, do shop around for a better price.  We're able to purchase locally for under $3/box at several grocery stores.",great cereal highly recommend however shop around better price able purchase locally box several grocery stores,0.8687,positive,0.32666666666666666,positive,positive
1,"I should've ""listened"" to the other reviews, and not buy this. This brand is tasteless; not fresh at all. Amazon should take this product off. What a waste of $!",listened reviews buy brand tasteless fresh amazon take product waste,-0.5194,negative,-0.28125,negative,negative
4,"I almost didn't buy these because they are made by Pedigree, a company that makes HORRIBLE dog food. but I needed a dental treat other than a cookie type so i bought a pack. I really like the texture! AND the price. I can buy these at petsmart for $3-$4 a bag of 24. When they're on sale that makes them about $0.12 a piece, and at $4 they're about $0.17 each, good deal. My dog prefers the taste to greenies and have about the same ingredients. My dog accumilates plaque at an astounding rate so he gets a dental treat of some sort once a day, not always dentastix but i like this product and i'll continue to rebuy.",almost buy made pedigree company makes horrible dog food needed dental treat cookie type bought pack really like texture price buy petsmart bag sale makes piece good deal dog prefers taste greenies ingredients dog accumilates plaque astounding rate gets dental treat sort day always dentastix like product continue rebuy,0.9651,positive,0.07083333333333332,positive,positive
1,This is a joke!!  I have never been so mad as I am right now writing this.  Not only is the coffee a big joke the way they shipped it is as well.  The assortment in this is ridiculous.  The majority of the coffee is french vanilla.  And hopefully we will like spicy eggnog and kahlua because those make up pretty much the rest of the coffee.  This looks like somebody threw in the coffee they didn't like into a box and sent it to the sucker who was stupid enough to buy it.  I am not usually this brutall with reviews but this angers me.  The coffee was in a brown paper bag and thrown in a box to ship.  If I could return this I would but this is not a purchase that can be returned. How sad this is.,joke never mad right writing coffee big joke way shipped well assortment ridiculous majority coffee french vanilla hopefully like spicy eggnog kahlua make pretty much rest coffee looks like somebody threw coffee like box sent sucker stupid enough buy usually brutall reviews angers coffee brown paper bag thrown box ship could return would purchase returned sad,-0.9024,negative,-0.1305860805860806,negative,negative
5,My husband is Kenyan and he said that he used to drink this tea all of the time when he was home.  Someone brought us this tea from Kenya when they visited and then I was hooked on it too! The crazy part is I didn't even like hot tea until I tried this.  They don't sell it in the stores here of course but I was delighted to see that it was available here on Amazon. Any tea drinker should try this!,husband kenyan said used drink tea time home someone brought us tea kenya visited hooked crazy part even like hot tea tried sell stores course delighted see available amazon tea drinker try,0.7031,positive,0.2125,positive,positive
5,"A little disappointed at first when I made with water. I may have used too much water, but either way it just tasted like watered down yuck<br /><br />But then I tried making it with heated up unsweetened Silk Soymilk today and it was DELISH! So foamy and comforting :)<br /><br />I imagine it would be equally as good with hot dairy milk as well.",little disappointed first made water may used much water either way tasted like watered yuck tried making heated unsweetened silk soymilk today delish foamy comforting imagine would equally good hot dairy milk well,0.9199,positive,0.09600694444444444,positive,positive
1,I had high hopes for this no salt seasoning bieng on a low/no salt added diet.  The smell of the seasoning was good but when I used it and even tasted the seasoning straight from the jar there was nothing but a nasty bitter taste.  I has someone else try it and they did not like it at all saying it make the pizza have a very bitter taste.  So this product was a waste of money as was the no salt beef and chicken base.  They all went into the garbage and I began a search for another source or brand of low or no salt products.  I would not recommend this to my worst enemy.,high hopes salt seasoning bieng low salt added diet smell seasoning good used even tasted seasoning straight jar nothing nasty bitter taste someone else try like saying make pizza bitter taste product waste money salt beef chicken base went garbage began search another source brand low salt products would recommend worst enemy,-0.9833,negative,-0.25181818181818183,negative,negative
1,"I asked the company for allergan information and didn't get a clear answer to my concerns. Given that allergies are a serious issue in our family, I should return the product in question. Buyer beware!",asked company allergan information get clear answer concerns given allergies serious issue family return product question buyer beware,-0.4168,negative,-0.1583333333333333,negative,negative
2,I don't really like this Lychee Gummy candy. I ate real Lychee last year in China. But this candy tasted weird. My kids and my husband didn't like the flavor either. My son said there were some white powers on the candy. Better be another one if you are looking for some Asian snacks.,really like lychee gummy candy ate real lychee last year china candy tasted weird kids husband like flavor either son said white powers candy better another one looking asian snacks,-0.1352,negative,0.05714285714285715,positive,negative
1,"This does not even come close to the amount of energy given by 5 hour energy. In fact, i feel nothing when I use this product. I dont know if I received a bad group of shots or if it simply doesnt work. But I would not recommend this to anyone.",even come close amount energy given hour energy fact feel nothing use product dont know received bad group shots simply doesnt work would recommend anyone,-0.4243,negative,-0.3499999999999999,negative,negative
1,"This dog food is not at all what I expected. The ""meat"" in it is some type of processed spongy looking pale colored blob. My dog would not eat this and I can't say I blame her. It does not have anything in it that remotely resembles salmon. It smells awful too. A waste of money.",dog food expected meat type processed spongy looking pale colored blob dog would eat say blame anything remotely resembles salmon smells awful waste money,-0.5809,negative,-0.322,negative,negative
1,"I purchased these very large cans of chili because they were priced ridiculously cheaply at the time. I planned to split the cans up into smaller portions and freeze the smaller portions to make a large number of meals. The first can I opened looked a little different from other Hormel chili I have had in the past. The beans were all mashed up and there were large chunks of cubed meat in the chili. Normally the meat resembles little pieces of ground meat. These were weird unappetizing chunks. The chili had no chili taste. It tasted like slightly burned re-fried beans. The night after eating this and the next day, there were numerous trips to the bathroom. Won't give details - but it wasn't pleasant.<br />A few days later, I opened a second can hoping the first was just a one time thing. The second had the same mashed up beans and meat chunks. I tossed it and now have four large cans of chili that I will never use.<br />Maybe this was just a bad batch. It almost seems as if they scraped the old chili residue off of their pots, threw in some leftover meat chunks, canned it and sent it to me. Needless to say, I will never purchase this product again.",purchased large cans chili priced ridiculously cheaply time planned split cans smaller portions freeze smaller portions make large number meals first opened looked little different hormel chili past beans mashed large chunks cubed meat chili normally meat resembles little pieces ground meat weird unappetizing chunks chili chili taste tasted like slightly burned fried beans night eating next day numerous trips bathroom give details pleasant days later opened second hoping first one time thing second mashed beans meat chunks tossed four large cans chili never use maybe bad batch almost seems scraped old chili residue pots threw leftover meat chunks canned sent needless say never purchase product,-0.4019,negative,-0.055187074829931966,negative,negative
1,"I bought this for my 11-month old daughter because I thought it would make a quick healthy and organic meal when I didn't have time to cook for her myself. I had used other plum organics products with good results so I decided to try this training meal. Unfortunately, I was very disappointed with the bland taste. My daughter is used to eating home-cooked meals and would not eat it no matter what I did. I believe that healthy food should also be tasty food so I did a little experimenting. I tried adding salt and pepper, but still with no luck. Now I have 11 pouches of this stuff and don't know what to do. I'm thinking of adding chicken stock with chunks of chicken but I'm afraid I'll just end up wasting the chicken. So, basically, I'm not at all satisfied with this product.",bought month old daughter thought would make quick healthy organic meal time cook used plum organics products good results decided try training meal unfortunately disappointed bland taste daughter used eating home cooked meals would eat matter believe healthy food also tasty food little experimenting tried adding salt pepper still luck pouches stuff know thinking adding chicken stock chunks chicken afraid end wasting chicken basically satisfied product,-0.8423,negative,-0.11472222222222224,negative,negative
2,"I have had Honeybush tea bought in South Africa. This stuff is horrid with no flavor. Will not buy again. My fault for seeing a deal, more like a steal of my money.",honeybush tea bought south africa stuff horrid flavor buy fault seeing deal like steal money,-0.843,negative,0.5,positive,negative
1,"These were terrible.  The ""chocolate"" had turned white like it was old or waxy.  The bar was gritty and had a terrible chemical aftertaste.  With so many glowing reviews, i was VERY disappointed in this product.",terrible chocolate turned white like old waxy bar gritty terrible chemical aftertaste many glowing reviews disappointed product,-0.8328,negative,-0.3392857142857143,negative,negative
5,"Needed a pizza dough which was gluten-free, dairy-free and yeast-free.  Most gluten-free included yeast.  I bought this hoping to ""dress up"" with enough toppings to overlook the limitations of the crust.  It is hands down the best mix of pizza crust we've ever had (gluten notwithstanding).  Just opening it up, you can smell the spices and look forward to the taste.  We have had much more success on a pizza stone than a pan.  Even spraying with oil, it still wants to stick to the pan and doesn't crisp up as nicely.  My whole family enjoys, even those who aren't restricted by diet.  Would recommend to anyone.",needed pizza dough gluten free dairy free yeast free gluten free included yeast bought hoping dress enough toppings overlook limitations crust hands best mix pizza crust ever gluten notwithstanding opening smell spices look forward taste much success pizza stone pan even spraying oil still wants stick pan crisp nicely whole family enjoys even restricted diet would recommend anyone,0.9695,positive,0.31049382716049384,positive,positive
4,"That's what I thought when I took the first bite. I found these on an Amazon Manager's Special, for slightly less than $2/box and the ingredients were healthy and intriguing - with the 5 seed combination, and two of my favorites - rosemary and garlic. Since there were no reviews, I didn't really know what to expect, but I had to give these a try.<br /><br />First of all, they are very fresh & crunchy. The ""sell by"" date is 11/02/09 - 2 months away. They're cute, little, 1.5"" round ""crackers"", really tortilla chips. As a tortilla chip, these are the best I've ever had. They are very sturdy, you could use them to scoop anything, including the thickest guacamole, and I don't think they would break or crumble. The delicious taste I got from the first one with all of the nuances of every flavor, unfortunately diminishes, where the rosemary and garlic isn't really discernible, but you still get that wonderful corn (organic!) & seeds flavor with just the right amount of salt - way lower than most with 50mg. I don't know if that is considered a low sodium product, but many snacks and processed foods, like most jerky and a lot of crackers are way too salty for me.<br /><br />FYI Nutrition info:<br />Serving Size 1oz / about 16 crackers (28g) - 4 servings/box<br />Calories 140<br />Total Fat 7g - Saturated Fat 1g - No Trans Fat<br />Cholesterol 0<br />Total Carbs 18g<br />Fiber 2g<br />Sugars 0<br />Protein 2g<br />Sodium 50g<br /><br />BTW, they are gluten free, which is really important for a lot of people.<br />Most of the crackers in the box I opened were intact with a few broken ones mostly at the bottom of the bag.<br /><br />Even though they are perfect on their own, they would be really good with a black bean dip, guacamole or hummus.<br /><br />Bottom Line: If you're looking for a tasty and healthy snack cracker/chip, these are for you!",thought took first bite found amazon manager special slightly less box ingredients healthy intriguing seed combination two favorites rosemary garlic since reviews really know expect give try first fresh crunchy sell date months away cute little round crackers really tortilla chips tortilla chip best ever sturdy could use scoop anything including thickest guacamole think would break crumble delicious taste got first one nuances every flavor unfortunately diminishes rosemary garlic really discernible still get wonderful corn organic seeds flavor right amount salt way lower mg know considered low sodium product many snacks processed foods like jerky lot crackers way salty fyi nutrition info serving size oz crackers g servings box calories total fat g saturated fat g trans fat cholesterol total carbs g fiber g sugars protein g sodium g btw gluten free really important lot people crackers box opened intact broken ones mostly bottom bag even though perfect would really good black bean dip guacamole hummus bottom line looking tasty healthy snack cracker chip,0.9929,positive,0.3193037518037518,positive,positive
2,"I was sent the product incomplete, and was missing a barrel nut so I could not finish putting together.  I contacted customer service, but was told I had to return the entire product, and they would need to exchange.  This is inefficient.",sent product incomplete missing barrel nut could finish putting together contacted customer service told return entire product would need exchange inefficient,-0.1531,negative,-0.1,negative,negative
1,I ordered tulips for my wife because they are her favorite flower.<br /><br />Instead of the 30 Multicolored tulips I ordered she receives a dozen roses. REALLY dont you think if I wanted to order a dozen roses I would have done that.<br /><br />Whats next AMAZON and Pro Flowers?!?!? Maybe you will substitute a flaming bag of dog excrement for my next order.<br /><br />So far today 2 of my three orders from you have been nothing like what I ordered. If I wanted a surprise package or a mystery gift I would have ordered that.<br /><br />I am disgusted with this shopping experience.<br /><br />EPIC FAIL!!!,ordered tulips wife favorite flower instead multicolored tulips ordered receives dozen roses really dont think wanted order dozen roses would done whats next amazon pro flowers maybe substitute flaming bag dog excrement next order far today three orders nothing like ordered wanted surprise package mystery gift would ordered disgusted shopping experience epic fail,-0.4621,negative,-0.16808035714285716,negative,negative
1,"I am an Indian guy and a big fan of MTR products. MTR products which I like include: Chaana Masala, Bhindi Masala and Rasam Rice. However, I was not pleased with the ""Pau Bhaji""<br /><br />We opened this package last night for dinner and there was a pungent horrible smell from the packet. We had to throw it in the trash and make paav bhaaji from scratch.<br /><br />Also, the contents of the package did not look as depicted on the picture on the box.<br /><br />I am going to try Kitchens of India brands.",indian guy big fan mtr products mtr products like include chaana masala bhindi masala rasam rice however pleased pau bhaji opened package last night dinner pungent horrible smell packet throw trash make paav bhaaji scratch also contents package look depicted picture box going try kitchens india brands,-0.2746,negative,-0.3125,negative,negative
2,"It's been sitting on my shelf for several years now. I thought I could use a blender to grind it up, but it was still too course for smoothies and such, and tasted bad. You would really need a food processor running for several hours or a real cocoa melanger to grind it up. I thought I could just chew on them, but they are too waxy and bitter to eat raw. ... Still sitting there on the shelf ...",sitting shelf several years thought could use blender grind still course smoothies tasted bad would really need food processor running several hours real cocoa melanger grind thought could chew waxy bitter eat raw still sitting shelf,-0.8573,negative,-0.07884615384615382,negative,negative
1,"On 1/6/12 I ordered the pack of 8 of this. I ""DID NOT"" pay attention when I opened the package!!! I just realized today 2/13/12 that I received the wrong item. I received ""Langers Cranberry Juice Cocktail from Concentrate"" (which is a ""lot"" cheaper) ""AND NOT"" the Langers Cranberry Juice I ordered. I think the ""only"" reason I discovered this error today is because I am ordering the ""Langers Cranberry Juice"", and I noticed the bottles were different. I am going to order 1 more time AND I will pay attention to what I receive the next order. I want to say that I ""have never"" had a problem with Amazon & I order quite a bit of varied stuff from them. This was totally & completely ""my fault"" for not paying attention to what I received!! IT WILL NEVER HAPPEN AGAIN!!",ordered pack pay attention opened package realized today received wrong item received langers cranberry juice cocktail concentrate lot cheaper langers cranberry juice ordered think reason discovered error today ordering langers cranberry juice noticed bottles different going order time pay attention receive next order want say never problem amazon order quite bit varied stuff totally completely fault paying attention received never happen,-0.8029,negative,0.040690104166666664,abstain,negative
5,"I am really a huge advocate of cooking from scratch, with all fresh ingredients, but I really love these seasoning packets especially the one for pork.<br /><br />This has not only nice flavors, but a bit of thickening.  I use it whenever I make split pea soup (one packet of this per 1lb bag of peas and only use half the amount of water they say to use on the bag of peas...beautiful, thick split pea soup every time!) or a pot of beans with ham shanks and it always comes out beautifully flavored.  I don't add salt when I use this but other herbs can be used, of course, with fantastic results.<br /><br />This comes in several other flavors now, but this is the one that I use the most.  Just store the packets in airtight containers, such as Lock & Lock, and they keep practically forever.",really huge advocate cooking scratch fresh ingredients really love seasoning packets especially one pork nice flavors bit thickening use whenever make split pea soup one packet per lb bag peas use half amount water say use bag peas beautiful thick split pea soup every time pot beans ham shanks always comes beautifully flavored add salt use herbs used course fantastic results comes several flavors one use store packets airtight containers lock lock keep practically forever,0.9579,positive,0.17239583333333333,positive,positive
1,My pug almost died from this product. A piece did not digest and got stuck in his intestinal tract. He had to have emergency surgery and 3000.00 later is now OK. Any knowledgeable pug breeder will tell you not to feed these to your pug. All the company did was refund me 25.00 for the cost of the product.,pug almost died product piece digest got stuck intestinal tract emergency surgery later ok knowledgeable pug breeder tell feed pug company refund cost product,-0.785,negative,0.25,positive,negative
5,Love this stuff...great flavor....you can't get more authentic Mexican. Don't hesitate to purchase...you'll love it!,love stuff great flavor get authentic mexican hesitate purchase love,0.8887,positive,0.425,positive,positive
4,"I'm a fan of the entire line of Newman's products. This licorice is slightly softer and easier to chew than other major brands. The pomegranate flavor is original and, I thought, quite good. My one disappointment is that, while the sugar used is organic, there is regular corn syrup used.",fan entire line newman products licorice slightly softer easier chew major brands pomegranate flavor original thought quite good one disappointment sugar used organic regular corn syrup used,0.721,positive,0.03072916666666667,abstain,positive
4,"So I must admit that when I ordered this coffee, I thought it was one of the new fancy instants like Starbucks now has.  When I got it and found that it was pods, for which I do not have a maker, I almost sent it back.  But what I wanted it for was those afternoon coffee emergencies at work, where single serves would be perfect. Soooo - I used one of the pods like a tea bag, steeped it in very hot water...and ended up with a great cup of coffee!<br /><br />The flavor is very rich and fruity - not over burnt or weak like I would have expected given my McGyver-type preparation.  I enjoyed the coffee a great deal and will keep this at my desk for more than just emergencies.",must admit ordered coffee thought one new fancy instants like starbucks got found pods maker almost sent back wanted afternoon coffee emergencies work single serves would perfect soooo used one pods like tea bag steeped hot water ended great cup coffee flavor rich fruity burnt weak like would expected given mcgyver type preparation enjoyed coffee great deal keep desk emergencies,0.9876,positive,0.33353625541125537,positive,positive
1,"This product has a bizarre chemical taste. If you let the glass sit in your sink for an hour, it gives off an unholy chemical, perfume odor, which cannot mean good things for what it's made of. This has got to be made from some inexpensive chemical filler that tastes like chocolate for 20, minutes then reverts to its revolting base.",product bizarre chemical taste let glass sit sink hour gives unholy chemical perfume odor cannot mean good things made got made inexpensive chemical filler tastes like chocolate minutes reverts revolting base,-0.2973,negative,-0.0031250000000000167,abstain,negative
5,"Sambal oelek chili paste is the best. We add it to salsa, salads, soups, hot dogs, you name it. This stuff is spicy but it is a totally different kind of heat than tobassco or other hot peppers. The best I can describe is that it sits on my palette in a different way than other peppers and is just a better product. Love it!",sambal oelek chili paste best add salsa salads soups hot dogs name stuff spicy totally different kind heat tobassco hot peppers best describe sits palette different way peppers better product love,0.9654,positive,0.3613636363636364,positive,positive
4,"To start off the review, I'm going to admit that I've eaten at Taco Bell only a handful of times in my life. Because of that, I'm not sure if this sauce is supposed to replicate a sauce that the restaurants use. Also, I don't know what chipotle sauce is supposed to taste like.<br /><br />Now that the disclaimer is out of the way, the back of the bottle suggests that it's ""a perfect finishing touch for your tacos, Mexican salads, and sandwich wraps"". I tried this sauce with frozen burritos and I also tried it as a dipping sauce for french fries.<br /><br />Overall, I think it tastes pretty good. Another reviewer said that it's mild but I'd say it definitely has a kick to it. If I had to try to explain the taste, I'd say that it reminds me of ranch dressing with some spice added to it. If you're looking to try a ""new"" sauce for your tacos, I would check this one out.",start review going admit eaten taco bell handful times life sure sauce supposed replicate sauce restaurants use also know chipotle sauce supposed taste like disclaimer way back bottle suggests perfect finishing touch tacos mexican salads sandwich wraps tried sauce frozen burritos also tried dipping sauce french fries overall think tastes pretty good another reviewer said mild say definitely kick try explain taste say reminds ranch dressing spice added looking try new sauce tacos would check one,0.8346,positive,0.19724517906336086,positive,positive
5,"I have been an extreme coffee-drinker for a long time, and use a lot of milk.  I have also been a vegetarian for a long time, and really wanted to kick dairy eventually.  After I tried Very Vanilla, I never bought, nor missed, dairy milk again.<br /><br />The container is super convenient.  The drink stays fresh for many weeks without refrigeration.  I keep some at home, and some at work.  AND, since it does not require refrigeration, I can get it automatically shipped to me every month via Amazon Subscribe & Save, without any shipping charges.",extreme coffee drinker long time use lot milk also vegetarian long time really wanted kick dairy eventually tried vanilla never bought missed dairy milk container super convenient drink stays fresh many weeks without refrigeration keep home work since require refrigeration get automatically shipped every month via amazon subscribe save without shipping charges,0.8822,positive,0.16354166666666667,positive,positive
1,"The manufacturer states, ""LOW GLYCEMIC"" & ""NO REFINED SUGARS"". Hidden on the manufacturer's web site is a list of ingredients that includes ""evaporated cane juice"" (aka white sugar) & ""molasses"", both of which are not healthy for people with hypoglycemia. Be warned............",manufacturer states low glycemic refined sugars hidden manufacturer web site list ingredients includes evaporated cane juice aka white sugar molasses healthy people hypoglycemia warned,-0.7344,negative,-0.10416666666666666,negative,negative
5,I have always been a big fan of POST oatmeals.I have tasted many other brands but I keep coming back to it.I got a pretty good deal on Amazon on it so couldn't resist scooping the deal and it paid off pretty well.So if you are a regular oatmeal eater and getting a good deal for a pack of 4-5 of these boxes don't leave it.Otherwise you will be shelling a lot more later in your local departmental store.,always big fan post oatmeals tasted many brands keep coming back got pretty good deal amazon resist scooping deal paid pretty well regular oatmeal eater getting good deal pack boxes leave otherwise shelling lot later local departmental store,0.9649,positive,0.23124999999999998,positive,positive
1,"These do not work. I tried one, waited, then tried another and ate some different foods. They still weren't working so I took 2 more for a total of 4. Still didn't work. It was annoying. Don't buy them. Thank you for your time.",work tried one waited tried another ate different foods still working took total still work annoying buy thank time,-0.5873,negative,-0.07500000000000001,negative,negative
1,"I have two dogs: One that is a picky eater and one that will eat anything.<br />Neither will eat this. Not sure if I got a bad batch, but i also bought some of the ""p'nutty pretzels"" also made by Three Dogs Bakery and neither will eat that either.",two dogs one picky eater one eat anything neither eat sure got bad batch also bought p nutty pretzels also made three dogs bakery neither eat either,-0.408,negative,-0.4749999999999999,negative,negative
5,"My son just returned from two months in Mysore in southern India.  He was told to use MTR for Indian cooking, because ""it's the best kind.""  He just cooked us a meal using MTR's Chana Masala powdered spice mix--adding onions and chick peas.  It was delicious, especially with a little fresh mint chutney using mint from our garden and the recipe from the new Joy of Cooking.  I can't vouch for all MTR products, but I'm definitely going to try some more!",son returned two months mysore southern india told use mtr indian cooking best kind cooked us meal using mtr chana masala powdered spice mix adding onions chick peas delicious especially little fresh mint chutney using mint garden recipe new joy cooking vouch mtr products definitely going try,0.9169,positive,0.38853305785123965,positive,positive
1,"I gave up the diet coke (aspartame/sucralose)and needed to find something i enjoy drinking. This had great reviews, so i couldn't wait to try it. What a waste of money!! I would rather drink plain water. Not sweet at all. Don't know how i will be able to choke down 23 more packs of this.",gave diet coke aspartame sucralose needed find something enjoy drinking great reviews wait try waste money would rather drink plain water sweet know able choke packs,-0.2649,negative,0.1678323412698413,positive,negative
2,DON'T LIKE THE TEXTURE OF THESE SMOKED OYSTERS - ALSO THE TASTE IS LACKING. I'VE TRIED MANY BRANDS OF SMOKED OYSTERS OVER THE YEARS & THESE JUST TASTE STRANGE AS WELL AS FEEL ODD WHEN CHEWING THEM.,like texture smoked oysters also taste lacking tried many brands smoked oysters years taste strange well feel odd chewing,-0.6581,negative,0.09444444444444444,positive,negative
5,You are literally getting all those vegetables or fruits that are healthy that you can't bring yourself to eat in one scoop from this product!! I can never taste it because I add it to my green smoothies in the morning- its amazing.<br /><br />Here's my recipe:<br />Handful of Spinach<br />Handful of Kale<br />Handful of Arugula<br />1-2 Bananas<br />Handful of frozen berries<br />Handful of frozen pineapple<br />Handful of frozen mango<br />Half cup water<br />Half cup unsweetened coconut milk<br />Teaspoon of raw agave<br />Scoop of SuperGreenFood berry flavored<br /><br />Viola!!!! Fill ing and healthy deliciousness!!!,literally getting vegetables fruits healthy bring eat one scoop product never taste add green smoothies morning amazing recipe handful spinach handful kale handful arugula bananas handful frozen berries handful frozen pineapple handful frozen mango half cup water half cup unsweetened coconut milk teaspoon raw agave scoop supergreenfood berry flavored viola fill ing healthy deliciousness,0.8949,positive,0.2486027644230769,positive,positive
1,"These people are complete morons.PLEASE don't even bother joining up to their membership because they are idiots. First of all, I had a HUGE problem joining because they couldn't match my state and zip code, which is legitimate, and second, the 2 people that answered the phone were foreign and I couldn't understand a word they said and they couldn't understand me. Second, I cancelled my shipments and they charged my card anyway, which resulted in an overdraft fee, and then the next month they charged me AGAIN.I am now on the phone waiting over 10 minutes to talk to a supervisor...and what galls me is that their coffee is not even good.",people complete morons please even bother joining membership idiots first huge problem joining match state zip code legitimate second people answered phone foreign understand word said understand second cancelled shipments charged card anyway resulted overdraft fee next month charged phone waiting minutes talk supervisor galls coffee even good,-0.5628,negative,0.05833333333333332,positive,negative
1,"I prefered the Twinings Darjeeling over the Bigelow.<br />The Bigelow seemed weaker and didn't taste as good.<br />I used the correct amount of water, brewed the water to 192 F, let the bag sit for 5 minutes.<br />This worked well for the Twinings, not so well for the Bigelow.<br />I will try letting it sit for 30 seconds less, and try using 1 less ounce of water.<br /><br />Try before buying in quantity",prefered twinings darjeeling bigelow bigelow seemed weaker taste good used correct amount water brewed water f let bag sit minutes worked well twinings well bigelow try letting sit seconds less try using less ounce water try buying quantity,-0.4746,negative,-0.16666666666666666,negative,negative
5,Found this tea in my local Marshalls; and then it disappeared!  I was so happy to find it on Amazon I ordered the 440 bags of tea. Thanks to Amazon for always carrying what I want and need.,found tea local marshalls disappeared happy find amazon ordered bags tea thanks amazon always carrying want need,0.8668,positive,0.3333333333333333,positive,positive
1,"I thought that since Sundried Tomatoes were in Olive Oil it would be good on my food but OH,no it made things taste worse.",thought since sundried tomatoes olive oil would good food oh made things taste worse,-0.4939,negative,0.14999999999999997,positive,negative
5,"My husband and I, through the past 25+ years, have searched for the coffee we enjoy the most, and found it in Antigua  Guatemala coffee. We first started drinking this coffee through our local coffee roaster, but then they suddenly were unable to supply the coffee. We tried several other brands of this specific region, but most were not as flavorful as the fresh-roasted. We tried fresh-roasted from other Central American countries, but they did not have the flavor we so enjoyed.<br /><br />We were thrilled to find this brand of Antigua, Guate coffee and at such a great price! The coffee tastes yummy first thing in the morning and the price is perfect. The coffee arrived quickly [I usually order this kind of stuff on a Monday] and it came in a vacuum packed bag. We buy only whole bean coffee.<br /><br />Everyone has their own tastes in coffee, hence the plethora of varieties. But I do have this story to tell. After spending five days with a very picky relative who drank Choc'ful of Nuts [sic and yuck] coffee, I had to throw away what extra was made for me and bring out my little baggie of whole beans I brought with me. Because this relative left early in the morning, the way to solve the waste was for me to grind the beans at night and prepare the coffee maker with my Antigua coffee for both of us. The relative did not seem so pleased.<br /><br />The first morning we tried this one-coffee-for-two approach, I was awoken with my relative beaming a huge smile down upon me. ""This is the BEST coffee ever!"" my relative said, before marching out and leaving for work.<br /><br />I have promised to buy the relative and spouse a big ole supply of this coffee and don't mind one bit! It's share the love and help the coffee farmers in a country I love and admire. A win/win situation.<br /><br />I don't know all the various terms for coffee, except that this coffee tastes better to me than any other coffee I've ever had and I have had soooo many different kinds of coffee, even chicory roots :>)<br /><br />Try it ... you'll love it! But buy whole bean and grind it for yourself; we grind the night before and have it ready for us in the a.m., not purists, but a practical approach.",husband past years searched coffee enjoy found antigua guatemala coffee first started drinking coffee local coffee roaster suddenly unable supply coffee tried several brands specific region flavorful fresh roasted tried fresh roasted central american countries flavor enjoyed thrilled find brand antigua guate coffee great price coffee tastes yummy first thing morning price perfect coffee arrived quickly usually order kind stuff monday came vacuum packed bag buy whole bean coffee everyone tastes coffee hence plethora varieties story tell spending five days picky relative drank choc ful nuts sic yuck coffee throw away extra made bring little baggie whole beans brought relative left early morning way solve waste grind beans night prepare coffee maker antigua coffee us relative seem pleased first morning tried one coffee two approach awoken relative beaming huge smile upon best coffee ever relative said marching leaving work promised buy relative spouse big ole supply coffee mind one bit share love help coffee farmers country love admire win win situation know various terms coffee except coffee tastes better coffee ever soooo many different kinds coffee even chicory roots try love buy whole bean grind grind night ready us purists practical approach,0.9974,positive,0.1749742798353909,positive,positive
1,"I purchased the Grove Square K-Cups (Instant Coffee) because of the low price. My expectations were not high, however, I certainly did not count on nearly a third of the K-cups (11 out of 36) to be COMPLETELY EMPTY.  There was no coffee in them at all!",purchased grove square k cups instant coffee low price expectations high however certainly count nearly third k cups completely empty coffee,-0.6957,negative,0.0015476190476190477,abstain,negative
5,The perfect solution for urban dwellers who enjoy growing herbs indoors with a minimum amount of space & care. Also nice for suburbanites who want freshly grown herbs at home year round.,perfect solution urban dwellers enjoy growing herbs indoors minimum amount space care also nice suburbanites want freshly grown herbs home year round,0.9423,positive,0.3499999999999999,positive,positive
1,"I have ordered MANY assortment packs. This was the absolute worst. It was basically a bunch (27) of Spicy Eggnog, Pumpkin Spice,  Island Coconut and Gingerbread. The ""assortment"" appears to be nothing more than an attempt to dump their ""Special Edition"" stock. Never again!",ordered many assortment packs absolute worst basically bunch spicy eggnog pumpkin spice island coconut gingerbread assortment appears nothing attempt dump special edition stock never,-0.6476,negative,0.12928571428571428,positive,negative
4,"These are good teether biscuits. With four kids we have tried lots and they all break at some point, if a food was not able to break it would be very difficult for a child to eat. With any solid food babies need to be supervised. These are nice and dense and I feel break less easily than others. The kids like them, they are organic, and there are enough in the box to last a few weeks. If parents are having problems with their babies easily biting off pieces it may be best to break the biscuit in half and put it in a mesh feeder.",good teether biscuits four kids tried lots break point food able break would difficult child eat solid food babies need supervised nice dense feel break less easily others kids like organic enough box last weeks parents problems babies easily biting pieces may best break biscuit half put mesh feeder,0.9004,positive,0.13333333333333333,positive,positive
5,Tinkyada pasta always cooks well. I am pleased with all their gluten free pastas and I have tried many I truly disliked.,tinkyada pasta always cooks well pleased gluten free pastas tried many truly disliked,0.8176,positive,0.3,positive,positive
5,My dog loved this bone. It has a hard chicken flavored rawhide outside and a soft bacon flavored rawhide inside and he couldn't wait to gnaw his way to that bacon. Lasts a while and keeps him occupied. I wish they sold them in bigger packs.,dog loved bone hard chicken flavored rawhide outside soft bacon flavored rawhide inside wait gnaw way bacon lasts keeps occupied wish sold bigger packs,0.7351,positive,-0.015277777777777784,abstain,positive
1,"The expiration date was too soon.  The package comes with 4 bags, 16 pods in each bag; 64 pods altogether.  The expiration date was 5 weeks away.  Do the math...  I have to use 2 pods per day in order to use it all before it expires.  I don't necessarily want to have the same flavor coffee twice a day for the next 5 weeks.",expiration date soon package comes bags pods bag pods altogether expiration date weeks away math use pods per day order use expires necessarily want flavor coffee twice day next weeks,-0.0572,negative,0.0,abstain,negative
5,This tahini is one of the best brands I've used...it mixes easily with the spices and lemon juice that makes a base for many of my sauces.  I particularly like that it is organic and in a (reusable) glass jar.,tahini one best brands used mixes easily spices lemon juice makes base many sauces particularly like organic reusable glass jar,0.8553,positive,0.26,positive,positive
4,"This is the exact pack of bones that I buy at Sams Club.I love this type of bone as it does not crack and splinter as some rawhides  do that can hurt my dog.The price was almost DOUBLED of what is pay at Sams club,so I will most likely stick with buying them local.Shipment was very prompt.Product would have rec'd 5 stars if it wasn't for the price.",exact pack bones buy sams club love type bone crack splinter rawhides hurt dog price almost doubled pay sams club likely stick buying local shipment prompt product would rec stars price,0.1027,positive,0.29,positive,positive
5,"This is a great product, my daughter loves them alone and mixed with other flavors.  I add it into baby's other foods, both store-bought frozen and homemade fresh.  The consistency is just right, nice and smooth and it tastes great!  I always end up finishing whatever is left in the package!  Tip: Because there is a bit of lemon juice in these bananas to keep them from turning brown when exposed to air, whatever you mix them into will also stay nice and fresh looking (avocadoes, for example).  The screw top is much easier than a zip-top, and they keep just fine in the fridge once opened.  I'll be buying these again!",great product daughter loves alone mixed flavors add baby foods store bought frozen homemade fresh consistency right nice smooth tastes great always end finishing whatever left package tip bit lemon juice bananas keep turning brown exposed air whatever mix also stay nice fresh looking avocadoes example screw top much easier zip top keep fine fridge opened buying,0.9768,positive,0.35043650793650793,positive,positive
5,"Even when I could find this easily it was always closer to the $5 a box cost, but here on Amazon its very affordable.  Tastes great, and keeps you full until lunch at least.",even could find easily always closer box cost amazon affordable tastes great keeps full lunch least,0.8741,positive,0.29666666666666663,positive,positive
5,"I've used this rub for years on pork ribs and chops. Rub it on before cooking (no need to rub it ahead of time)and grill away. At a recent dinner party my 85 year old aunt said the babyback ribs were the best she'd ever had. My cooking had a little to do with it, but the rub (and the pig I suppose) were the real stars.",used rub years pork ribs chops rub cooking need rub ahead time grill away recent dinner party year old aunt said babyback ribs best ever cooking little rub pig suppose real stars,0.5346,positive,0.2225,positive,positive
5,"My wife uses this in all kinds of sauces where cream or half/half is normally required.  This works great, is dairy-free and organic.  Nothing against dairy, but it doesn't sit as well with me as this.<br /><br />I make ice cream with this using our Cuisinart ice cream maker.  2 cans of this, 2/3rds cup honey and flavoring (vanilla or mint), works great!",wife uses kinds sauces cream half half normally required works great dairy free organic nothing dairy sit well make ice cream using cuisinart ice cream maker cans rds cup honey flavoring vanilla mint works great,0.8059,positive,0.65,positive,positive
1,"I bought several colors of this and they were all awful. They were very runny. No need to heat, as directions said. We tried to draw decorations and they just ran off the sides. The cookies were even a little cold from being in the fridge. We tried cooling the icing too for a couple hours and that didn't help.The blue icing looked a little greesy and separated, after shaking it for serveral minutes.",bought several colors awful runny need heat directions said tried draw decorations ran sides cookies even little cold fridge tried cooling icing couple hours help blue icing looked little greesy separated shaking serveral minutes,-0.7334,negative,-0.25357142857142856,negative,negative
2,"I have to agree with another reviewer that this is not the best of the Kona coffees that I have relished in the past. That includes those that I have had the pleasure of drinking in Hawaii several times. Frankly, I found it to have a bitter aftertaste rather than the smooth finish that is typical of this type of superior coffee. I can't knock the seller for his promptness, though I was surprised the coffee arrived in a bloated looking USPS priority envelope.<br /><br />Now granted I haven't been to Hawaii for a number of years so I am not sure if the criteria for Kona coffee quality has slipped to a large degree. If this is any indicator then I suspect that I will not be in the market for Kona in the future as it is not worth to me the premium price. I've been an avid coffee drinker for over 40 years, and tasted coffee from virtually every global region. Unfortunately, this coffee was a disappointment, and I will not be ordering it again.",agree another reviewer best kona coffees relished past includes pleasure drinking hawaii several times frankly found bitter aftertaste rather smooth finish typical type superior coffee knock seller promptness though surprised coffee arrived bloated looking usps priority envelope granted hawaii number years sure criteria kona coffee quality slipped large degree indicator suspect market kona future worth premium price avid coffee drinker years tasted coffee virtually every global region unfortunately coffee disappointment ordering,-0.1521,negative,0.04047619047619049,abstain,negative
5,"This coffee is perfect-just like I remembered.  I came away from my visit to New Orleans with many wonderful memories.  The music, the food, the history AND the coffee.  I was very excited to find this coffee on amazon.  I was upset that I forgot to buy it before we left the city and was afraid that I wouldn't be able to find it online.  This coffee is very good, slight(and perfect) taste of chicory, rich taste without the burnt taste sometimes associated with a full-bodied blend.  This coffee makes you want to make a pot in the middle of the day just to sit and drink. I would recommend this for all coffee lovers.",coffee perfect like remembered came away visit new orleans many wonderful memories music food history coffee excited find coffee amazon upset forgot buy left city afraid able find online coffee good slight perfect taste chicory rich taste without burnt taste sometimes associated full bodied blend coffee makes want make pot middle day sit drink would recommend coffee lovers,0.9749,positive,0.3507386363636364,positive,positive
5,This product is great. Give you the right energy during hard work outs. Much better than the competition. Flavors are great and they get absorb by the body very fast.,product great give right energy hard work outs much better competition flavors great get absorb body fast,0.9153,positive,0.3923412698412698,positive,positive
4,"Love having light for the grill, as our deck setup did not provide such. The light is very nice: sturdy, easy the setup and use.<br />The way it mounts on our grill does leave a shadow in the back of the grill when the lid is open, so have to hold the lid slightly down to see when the grill is fully loaded.<br />Quality of the light is 5-star.",love light grill deck setup provide light nice sturdy easy setup use way mounts grill leave shadow back grill lid open hold lid slightly see grill fully loaded quality light star,0.8822,positive,0.2757777777777778,positive,positive
5,"My dogs've become picky over the years and turn their noses up at brands I've purchased at my local pet shop.  The ones they liked were in a 150 pack and are no longer available.  Went to the all pervasive Amazon and a beautiful selection of chew sticks were available in different flavors!  I bartered for their love and I got it!  Peanut butter, beef and chicken basted rawhide treats!  I'm a new regular customer!",dogs become picky years turn noses brands purchased local pet shop ones liked pack longer available went pervasive amazon beautiful selection chew sticks available different flavors bartered love got peanut butter beef chicken basted rawhide treats new regular customer,0.9112,positive,0.22613636363636364,positive,positive
2,"Everything was packaged well, but there were no instructions on how to reconstitute them, had to go online and the mushrooms were not to my liking at all!!!!!!!!!!!!",everything packaged well instructions reconstitute go online mushrooms liking,-0.7434,negative,0.0,abstain,negative
1,"THIS IS A REVIEW OF AMAZON'S SERVICE AND NOT THE QUALITY OF THE COFFEE:<br /><br />I originally purchased three bags of this product when it was on sale direct from Amazon. One out of those three bags was actually vacuum sealed and all had expiration dates within a month period. I guess the dates were the reason they were on sale but seriously, not sealed properly makes for stale coffee and is not acceptable. I complained and was refunded my money. I since have ordered several more and each time they come loose (not vacuum sealed), I'll complain to Amazon and so far they've been good about refunding my money but shouldn't they have some kind of quality control? If the bag is soft to the touch it's garbage. I guess they ship this crap out knowing few complain and they get to make money on what a grocery store would likely have to discard. Amazing to me that they'd waste their time and mine. Anyone want some free coffee to use as a deodorizer?",review amazon service quality coffee originally purchased three bags product sale direct amazon one three bags actually vacuum sealed expiration dates within month period guess dates reason sale seriously sealed properly makes stale coffee acceptable complained refunded money since ordered several time come loose vacuum sealed complain amazon far good refunding money kind quality control bag soft touch garbage guess ship crap knowing complain get make money grocery store would likely discard amazing waste time mine anyone want free coffee use deodorizer,-0.505,negative,0.07431318681318684,positive,negative
5,"We tried other brands of orange marmalade, but they were not as good as King Kelly Orange marmalade. We moved from the NW to the SW a few years ago and had trouble finding this brand in any of the local stores. Was delighted to find it on Amazon and Prime eligible!! Each of the six jars was individually wrapped in bubble wrap and then placed in a shipping box with 'air bags'. All arrived just fine...no breakage at all!! Now we are able to enjoy a brand we had been using before our move.",tried brands orange marmalade good king kelly orange marmalade moved nw sw years ago trouble finding brand local stores delighted find amazon prime eligible six jars individually wrapped bubble wrap placed shipping box air bags arrived fine breakage able enjoy brand using move,0.7437,positive,0.2305555555555555,positive,positive
5,my dog loves this product and i was looking for a bag of it bigger than what my grocery store sells. easy for dog to eat and digest. love milo.,dog loves product looking bag bigger grocery store sells easy dog eat digest love milo,0.8957,positive,0.3111111111111111,positive,positive
1,"DISGUSTING!!!!!!!!!!  They taste like nothing and you have to be careful when buying them because they tend to go stale fast on you.  There other bars are good but this one was just terrible.  Dont buy these, I guess if you like the flavor of paydays only weaker in flavor then you will like these.",disgusting taste like nothing careful buying tend go stale fast bars good one terrible dont buy guess like flavor paydays weaker flavor like,-0.4997,negative,-0.22812500000000002,negative,negative
1,"The label says ""Go Lean,"" but it should say ""Go Diabetic"" instead. According to the nutritional information, one cup of cereal has 15g of sugar, which is almost 1/4 of the total package! I had one of these for breakfast and it gave me a headache because of the excessive amount of sugar. This is not cereal, it's candy disguised as breakfast food.",label says go lean say go diabetic instead according nutritional information one cup cereal g sugar almost total package one breakfast gave headache excessive amount sugar cereal candy disguised breakfast food,-0.4482,negative,-0.125,negative,negative
5,"Hi-Chew is a favorite in our family.  You can buy directly from Japan if you have to have the wrapper in Japanese; otherwise this is the same great, chewy candy.",hi chew favorite family buy directly japan wrapper japanese otherwise great chewy candy,0.7964,positive,0.27999999999999997,positive,positive
1,"I am from Italy and own a machine from this brand there. The machine over there works. The one I bought here in the USA broke after 8 months. I had to pay all the shipping costs for them to fix it, and they sent it back and it worked for a few more months. But now it broke again and it is no longer under warranty! There is not anyone in the entire state that services it, so I am stuck with a broken $500 machine. Not worth it at ALL!!! Don't buy it, the customer service is awful and the machine is not built to last.",italy machine brand machine works one bought usa broke months pay shipping costs fix sent back worked months broke longer warranty anyone entire state services stuck broken machine worth buy customer service awful machine built last,-0.9713,negative,-0.07421875000000001,negative,negative
1,"I received the fruit in good time but have a problem with the mixture.  It is advertised as red cherries, green cherries and pineapple.  I ordered two one-pound packages of the fruit mix.  Each one -pound container had no more than 3 green cherries in the entire package.  I have tried twice (e-mail and fax) to contact the vendor but to date have had no response.",received fruit good time problem mixture advertised red cherries green cherries pineapple ordered two one pound packages fruit mix one pound container green cherries entire package tried twice e mail fax contact vendor date response,-0.802,negative,0.008333333333333323,abstain,negative
2,First the box itself is rather plain upon first looking at it-that was my first impression.  The taste was not that special and the aftertaste in your mouth after was the worst-will not buy this product again!  Try something else!,first box rather plain upon first looking first impression taste special aftertaste mouth worst buy product try something else,-0.2363,negative,0.21875,positive,negative
5,"This black type of cardamom is impossible to find in local stores, which otherwise offer nearly all the spices used in South Asian cooking. It is essential to certain recipes.<br />It arrived faster than promised in an airtight bag within a sturdy box; this resulted in fresh product delivered to our house. The price was reasonable.",black type cardamom impossible find local stores otherwise offer nearly spices used south asian cooking essential certain recipes arrived faster promised airtight bag within sturdy box resulted fresh product delivered house price reasonable,0.7096,positive,-0.0021164021164021087,abstain,positive
1,"I meant to order Anthony Berg's chocolates and got this one by mistake...yikes, not a good outcome.  The chocolate is poor and the gel-like liquor is worse...don't make the mistake that i made...",meant order anthony berg chocolates got one mistake yikes good outcome chocolate poor gel like liquor worse make mistake made,-0.5377,negative,-0.375,negative,negative
1,My title pretty much says it all. I was very disappointed. This tasted like cardboard. Not spicey at all. I have tried this and the sandwhich meats which I was also unimpressed with. These products are overpriced and a waste of organic meat.,title pretty much says disappointed tasted like cardboard spicey tried sandwhich meats also unimpressed products overpriced waste organic meat,-0.4391,negative,-0.18125000000000002,negative,negative
5,I never expect a lot from microwavable soup cups or bowls. I'm happy if their reasonably edible and are not gunky or too thin. It's a nice surprise when a soup tastes not just edible but very tasty! This creamy tomato parmesan from Campbells is nice ans smooth with just the right hint of cheese and cream. It's a perfect combo for a grilled cheese sandwich or a piece of crusty bread. I've also mixed in some crushed red pepper flakes to spice it up and that works well.<br /><br />Texture: 5/5<br />Taste: 4/5<br />Consistency: 5/5<br />Repeatability: 5/5<br /><br />Total quick lunch score: an excellent 5/5!,never expect lot microwavable soup cups bowls happy reasonably edible gunky thin nice surprise soup tastes edible tasty creamy tomato parmesan campbells nice ans smooth right hint cheese cream perfect combo grilled cheese sandwich piece crusty bread also mixed crushed red pepper flakes spice works well texture taste consistency repeatability total quick lunch score excellent,0.9476,positive,0.3549319727891156,positive,positive
5,This 200 pack Welch's Jelly Assortment was ordered for a church food pantry.  The product arrived quickly and in good condition.  This is a great value and the church was happy.,pack welch jelly assortment ordered church food pantry product arrived quickly good condition great value church happy,0.9201,positive,0.6583333333333333,positive,positive
2,"I was hoping this would be a nice gift for my older children who could not go on vacation with us this year. We purchase maple sugar candy when we are in the mountains. I sent them to both and when they received them they were dry, and broken up.  The box does not have plastic wrap to keep it fresh.  I thought it was a mistake with my first daughter but when we stopped by my second daughters apartment on the way home I noticed that hers was broken up too.  She said that it was also very hard and dry.  I would definitely purchase again IF they fixed their packaging.",hoping would nice gift older children could go vacation us year purchase maple sugar candy mountains sent received dry broken box plastic wrap keep fresh thought mistake first daughter stopped second daughters apartment way home noticed broken said also hard dry would definitely purchase fixed packaging,-0.3269,negative,0.00868055555555554,abstain,negative
5,"Good choice for healthy protein, satisfying and delicious. Interesting sweet and spicy taste! Portable protein for on the go energy!",good choice healthy protein satisfying delicious interesting sweet spicy taste portable protein go energy,0.9622,positive,0.6244791666666667,positive,positive
4,"This product taste very good and is a great salty snack. I and the others that had to swipe some from my bag all agreed that the actual pepperoni flavor was rather subtle. That said, it didn't stop us from snarfing a package down at all!",product taste good great salty snack others swipe bag agreed actual pepperoni flavor rather subtle said stop us snarfing package,0.8903,positive,0.23644444444444446,positive,positive
5,"Smells good, lathers well, easy on the body. I highly recommend this product to all the fellas out there! You will love it!",smells good lathers well easy body highly recommend product fellas love,0.938,positive,0.4895833333333333,positive,positive
1,I have been buying this tea in teabag form in a small tin and I wanted to save a little money by buying it in bulk.  This is NOT the same tea that is in the tea bags.  This tea is a good chai tea but there is no coconut flavor or aroma.  I am very disappointed.,buying tea teabag form small tin wanted save little money buying bulk tea tea bags tea good chai tea coconut flavor aroma disappointed,-0.653,negative,-0.14250000000000002,negative,negative
5,"A very interesting and fun way to spend an evening. The tablet itself has a somewhat tart flavor, we sampled everything from cottage cheese to beers to fruits to salt and vinegar chips to warheads. Some differences were astounding, some not so much, great little adventure for your mouth.",interesting fun way spend evening tablet somewhat tart flavor sampled everything cottage cheese beers fruits salt vinegar chips warheads differences astounding much great little adventure mouth,0.7823,positive,0.43249999999999994,positive,positive
4,"My family uses these all the time.  We buy a rotisserie chicken and after removing the wings and drumsticks, we shred it and throw it in the crock pot with these soups.  We use chicken broth instead of water.  Some of them do need some extra spice, but I still feel like they are much easier than other prepared soup.  The big difference between Leonard Mt soups and other packaged soups is the sodium content.  I cannot find anything out there with such low sodium.  So, I add a little chili powder, cumin, bacon, etc and they are delish.  We use the potato chive the most and sub half milk half chicken broth and add bacon bits.",family uses time buy rotisserie chicken removing wings drumsticks shred throw crock pot soups use chicken broth instead water need extra spice still feel like much easier prepared soup big difference leonard mt soups packaged soups sodium content cannot find anything low sodium add little chili powder cumin bacon etc delish use potato chive sub half milk half chicken broth add bacon bits,0.7684,positive,-0.1336309523809524,negative,positive
4,"Living in rural Idaho, I haven't had one of these since I was a child. Although sweets can never taste as good as they do when you're young, I thoroughly enjoyed this marshmallow treat with a cookie base all covered in a rich dark chocolate. The cookies were fresh and unbroken and the slight coconut flavor brightened my day!",living rural idaho one since child although sweets never taste good young thoroughly enjoyed marshmallow treat cookie base covered rich dark chocolate cookies fresh unbroken slight coconut flavor brightened day,0.9443,positive,0.09074074074074072,positive,positive
5,"The kids love 'em and what could be better than that?  I bought one box at the local grocery and glad to see they are available here.  We tried the strawberry, frosted, and like other reviewers I agree:  not too sweet, right amount of frosting.  Can't wait to try the next flavor.",kids love em could better bought one box local grocery glad see available tried strawberry frosted like reviewers agree sweet right amount frosting wait try next flavor,0.9122,positive,0.26785714285714285,positive,positive
1,It's didn't work like proper food coloring at all. It ruined my red velvet cake and it is also a very messy product.,work like proper food coloring ruined red velvet cake also messy product,-0.7907,negative,-0.08666666666666667,negative,negative
1,"I bought this dog food because the bag showed pictured of veggies and chunks of meat, and with a name like ""Beneful"" I thought I was purchasing a nutritious brand of dog food. My dogs did eat this food, but after reading the ingredients I completely regret purchasing it and feel just awful for feeding it to my dogs. The first three ingredients are Ground yellow corn, chicken by-product meal, and corn gluten meal. How disgusting is that?! The main ingredient is a corn filler. One thing my vet told me a while back that I never forgot: ""When you eat corn, what comes out of the other end? The same thing happens with dogs."" Basically, dogs cannot digest corn, it is just a filler and causes them to actually eat more to feel full, poop out more, and retain less nutrients. The only meat in Beneful at all is a by-product, its not even a real meat! By-products are the stuff leftover once all the actual meat is harvested. We're talking beaks, chicken feet, eyeballs, even chicken poop! I would not recommend this product to anyone, for any reason, ever. It is an absolutely awful dog food. I can't believe the pictures of veggies and full chunks of meat on the bag can be allowed to be on the packaging of such a disgusting product; it is very misleading and should be considered false advertising.<br /><br />I recommend to stay far away from Beneful, and most Purina products. When purchasing a dog (or cat) food, the most important thing to consider is the first 3 ingredients; just make sure those first three are decent ingredients that you would eat yourself. Now that I know what to look for,  I usually buy my pets all natural, organic foods such as Blue Buffalo, Halo or Wellness.",bought dog food bag showed pictured veggies chunks meat name like beneful thought purchasing nutritious brand dog food dogs eat food reading ingredients completely regret purchasing feel awful feeding dogs first three ingredients ground yellow corn chicken product meal corn gluten meal disgusting main ingredient corn filler one thing vet told back never forgot eat corn comes end thing happens dogs basically dogs cannot digest corn filler causes actually eat feel full poop retain less nutrients meat beneful product even real meat products stuff leftover actual meat harvested talking beaks chicken feet eyeballs even chicken poop would recommend product anyone reason ever absolutely awful dog food believe pictures veggies full chunks meat bag allowed packaging disgusting product misleading considered false advertising recommend stay far away beneful purina products purchasing dog cat food important thing consider first ingredients make sure first three decent ingredients would eat know look usually buy pets natural organic foods blue buffalo halo wellness,-0.9431,negative,-0.03837719298245613,abstain,negative
5,"I love this and their one with kale and spinach the best although all the jyoti canned Indian foods are excellent.<br /><br />Healthy and tasty is a combo that can't be beat. I am having some over whole grain pasta right now.<br /><br />edit--the reviewer whose title was tasty with a bit of heat likened the taste of the dumplings to potatoes but it is much closer to the taste of pureed buckwheat groats(kasha) which I personally like a lot. Not nearly so bland as potatoes.<br /><br />The ingredient list on this is not complete<br /><br />here is the whole thing for those looking<br /><br />Fresh Buttermilk, Organic Potato Dumplings (organic vegetable oil: canola, sunflower, safflower, soybean or palm, corn flour, potato flakes, dehydrated onion, garlic, sea salt), Water, Chickpea FLour, Soybean Oil, Salt, Spices and Lemon Juice.",love one kale spinach best although jyoti canned indian foods excellent healthy tasty combo beat whole grain pasta right edit reviewer whose title tasty bit heat likened taste dumplings potatoes much closer taste pureed buckwheat groats kasha personally like lot nearly bland potatoes ingredient list complete whole thing looking fresh buttermilk organic potato dumplings organic vegetable oil canola sunflower safflower soybean palm corn flour potato flakes dehydrated onion garlic sea salt water chickpea flour soybean oil salt spices lemon juice,0.8922,positive,0.30863095238095245,positive,positive
2,"Although I am on a blood pressure med, I went ahead and tried this anyway. I doubt I was able to choke down enough to affect my med, because the taste was terrible. And I'm a fan of pomegranates, so that's not the issue. EBOOST tasted bitter and medicinal - there are much better, more palatable, ways to boost your immune system.",although blood pressure med went ahead tried anyway doubt able choke enough affect med taste terrible fan pomegranates issue eboost tasted bitter medicinal much better palatable ways boost immune system,-0.2748,negative,0.03492063492063492,abstain,negative
5,"Does organic baby food make a difference? I don't think anyone knows for sure. But we buy organic because it makes sense that for a smaller brain that is still developing amonuts of pesticides and other toxics that would have a neligble effect on an adult brain would have potentially a larger and more significant impact on an infant brain.<br /><br />So that is why we buy organic. This is one of the better tasting Earth's Best. Yes I do taste them. I would actually eat this one. Our 9 month old daughter likes it. It has organic carrots as the first ingrident (I will post the ingrident list directly from Earth's Best website below), good source of Vitamin A (150% RDA), and it is also one of the least expensive 12 packs of Earth's Best. Recommended.<br /><br />Organic Carrots, Water, Organic Tomato Paste, Ascorbic Acid (Vitamin C), Citric Acid.",organic baby food make difference think anyone knows sure buy organic makes sense smaller brain still developing amonuts pesticides toxics would neligble effect adult brain would potentially larger significant impact infant brain buy organic one better tasting earth best yes taste would actually eat one month old daughter likes organic carrots first ingrident post ingrident list directly earth best website good source vitamin rda also one least expensive packs earth best recommended organic carrots water organic tomato paste ascorbic acid vitamin c citric acid,0.9924,positive,0.288888888888889,positive,positive
2,"These are terrific, sturdy, and environmentally friendly poop bags - when they work.  The problem is that you can get a batch of them in your order that are impossible to pry open.  This has happened to me before, and the vendor was responsive to the problem. But now that they are sold by amazon directly, there's no place to get another box to compensate.<br /><br />I'm going to look around for another brand that doesn't have this glitch. Otherwise, these bags are actually much more expensive than they are listed, since so many of them are useless. You can have a perfectly fine box, and then your next one has this defect.  Very frustrating!",terrific sturdy environmentally friendly poop bags work problem get batch order impossible pry open happened vendor responsive problem sold amazon directly place get another box compensate going look around another brand glitch otherwise bags actually much expensive listed since many useless perfectly fine box next one defect frustrating,-0.5356,negative,-0.035416666666666666,abstain,negative
4,"The particular critters we want to get rid of are chipmunks - they're destroying our garden, tunneling into the lawn and even invading the house. The Havahart Critter Ridder is easy to use - just pop the cap and shake onto the ground.  I tried it around a peach tree the chipmunks had been fond of, and it did seem to reduce the number of attacks. I didn't expect miracles, given the number of chipmunks we have around, but it did seem to help for a while. As with all products of this nature, it needs to be periodically reapplied.",particular critters want get rid chipmunks destroying garden tunneling lawn even invading house havahart critter ridder easy use pop cap shake onto ground tried around peach tree chipmunks fond seem reduce number attacks expect miracles given number chipmunks around seem help products nature needs periodically reapplied,0.5106,positive,0.13333333333333333,positive,positive
1,"Equal and NutraSweet were the exact same product, with the same exact ingredient, made by the exact same company. Consumer Reports blew that cover a few years ago.<br /><br />Next time you go to a grocery store, look at a box of both of them and note the company and address on both boxes!  Note the ingredients and amount of product per box is exactly the same.<br /><br />The ONLY difference is that the company charges DOUBLE for the Equal than it does for the NutraSweet!<br /><br />Even Consumer Reports never got an answer from the company as to WHY that is.<br /><br />Since then, the company that produces Aspartame is no longer ""Searle"" (then headed by CEO Donald Rumsfeld!) but instead Monsanto, the same company that produced the toxic ""agent orange"" for Vietnam!<br /><br />If you are looking for a substitute natural sweetener, because you are a diabetic, then STEVIA should be something to look into. Oh, but the FDA does not allow it to be called a ""sweetener"" it has to be labeled a ""nutritional suppliment"" by law so that it can not compete with big money contributers Aspartame (equal) and Sucralose (splenda) and Acesulfame-K so although Stevia is safe and has been used for thousands of years in other countries (even was in Diet Coke in Japan) the only problem the FDA has, is that it can not be called a sweetener!<br /><br />One thing to remember.  Aspartame (Equal & NutraSweet) Sucralose (Splenda) AcesuflameK and Sacharin all have WARNING labels on them.  Stevia does NOT.  Because only Stevia is natural, the others are harmfull man-made chemicals.",equal nutrasweet exact product exact ingredient made exact company consumer reports blew cover years ago next time go grocery store look box note company address boxes note ingredients amount product per box exactly difference company charges double equal nutrasweet even consumer reports never got answer company since company produces aspartame longer searle headed ceo donald rumsfeld instead monsanto company produced toxic agent orange vietnam looking substitute natural sweetener diabetic stevia something look oh fda allow called sweetener labeled nutritional suppliment law compete big money contributers aspartame equal sucralose splenda acesulfame k although stevia safe used thousands years countries even diet coke japan problem fda called sweetener one thing remember aspartame equal nutrasweet sucralose splenda acesuflamek sacharin warning labels stevia stevia natural others harmfull man made chemicals,-0.4052,negative,0.06022727272727273,positive,negative
1,What have they done to my Twist?? Added stevia to reduce it from a whopping 9 calories to zero. It now tastes awful. I want my Twist back.,done twist added stevia reduce whopping calories zero tastes awful want twist back,-0.4696,negative,-0.5,negative,negative
5,Delicious popcorn! Anyone who likes popcorn will love Hawaiian Hurricane Popcorn. I just wish they sold this in stores on the mainland.,delicious popcorn anyone likes popcorn love hawaiian hurricane popcorn wish sold stores mainland,0.9286,positive,0.75,positive,positive
1,"Not only is the portion tiny, but the bag is half filled with ""dust"" from the product! The taste is terrible. They are bitter, sour, and disgusting! Would give it zero stars but that is not allowed.",portion tiny bag half filled dust product taste terrible bitter sour disgusting would give zero stars allowed,-0.9329,negative,-0.23958333333333331,negative,negative
5,The Taylors of Harrogate English Breakfast loose leaf Tea is a strong black tea - great flavor!,taylors harrogate english breakfast loose leaf tea strong black tea great flavor,0.75,positive,0.23794871794871794,positive,positive
5,at it's best.  I have been drinking this tea since high school and the flavor has not wavered.  I've tried plain chamomile and it didn't make the cut. Nothing beats a cup or two of Sleepy Time before bed as it calms the nerves and settles the tummy.  What a perfect way to drift off into slumber !,best drinking tea since high school flavor wavered tried plain chamomile make cut nothing beats cup two sleepy time bed calms nerves settles tummy perfect way drift slumber,0.898,positive,0.48642857142857143,positive,positive
5,"Recipes often call for a substitution ratio of 1 to 6 for using ginger root as opposed to ginger powder.  This powder is fresher than others I've tried, so that ratio won't apply.  It's fresh and penetrating.<br /><br />Besides the great taste, the benefits of ginger are vast.  In some studies, forms of ginger have been effective against a variety of cancers in mice.  The show, Mythbusters, ran a segment to debunk so-called remedies for motion sickness.  Mythbusters found that ginger is effective against motion sickness even while many others remedies were not.  Ginger has been used to treat constipation, colic, gastroparesis, dyspepsia, inflammation, coughing spells and soothe upset stomachs.<br /><br />There are warnings against taking too much ginger in powdered form, mainly because it's possible to consume more using the powder.  The FDA warns that too much powdered ginger can cause intestinal blockage, gas, belching, and that it's contraindicated for those suffering from gallstones because it promotes bile production.<br /><br />There is no end to ways of using powdered ginger in cooking and mixing in foods and beverages.  One of the famous juicing drinks is made from carrot, orange and ginger.<br /><br />I recommend this item for its freshness and economy, not to mention that ginger is so beneficial in one's diet.",recipes often call substitution ratio using ginger root opposed ginger powder powder fresher others tried ratio apply fresh penetrating besides great taste benefits ginger vast studies forms ginger effective variety cancers mice show mythbusters ran segment debunk called remedies motion sickness mythbusters found ginger effective motion sickness even many others remedies ginger used treat constipation colic gastroparesis dyspepsia inflammation coughing spells soothe upset stomachs warnings taking much ginger powdered form mainly possible consume using powder fda warns much powdered ginger cause intestinal blockage gas belching contraindicated suffering gallstones promotes bile production end ways using powdered ginger cooking mixing foods beverages one famous juicing drinks made carrot orange ginger recommend item freshness economy mention ginger beneficial one diet,0.9358,positive,0.36388888888888893,positive,positive
5,"our cat only ate 9 lives wet and dry.  then one day she started vomitting.  and it wouldn't stop.  after every meal i would find surprises all around the house.  mind you,... i could care less about my cat (it's my husbands and the cat and i hate each other) but i actually felt bad for her.  so i researched and tried other kinds and then came across natural balance.  she loves it!  wet and dry and no vomitting!!!  it's a little expensive, but cheeper than the vet or tons of carpet cleaner.  i just wish more stores sold it so i wouldn't have to drive so far to pick it up.  her coat is shiny and no dandruff.  i don't remember the last time she vommitted.  and she even seems to be acting better (nicer) since the new food.  it did wonders on her!",cat ate lives wet dry one day started vomitting stop every meal would find surprises around house mind could care less cat husbands cat hate actually felt bad researched tried kinds came across natural balance loves wet dry vomitting little expensive cheeper vet tons carpet cleaner wish stores sold drive far pick coat shiny dandruff remember last time vommitted even seems acting better nicer since new food wonders,0.9333,positive,-0.08027935606060606,negative,positive
1,"We had mole tunnels throughout our lawn.  We first tried the non-lethal castor/garlic oil water spray method (twice).  It didn't work. Then we tried laying two of the Victor Out of Sight Mole Trap out.  That didn't work, either. Finally, my son spot movement in the lawn and he stomped on the tunnel.  The mole was dead. It was small, only about 4 inches.  But, it was amazing, that was the end of our problem.  Our entire lawn - which isn't small - was destroyed by ONE tiny mole.  Best advise, look for the movement of the mole in the late afternoon, than stomp on it or use a flat end of a large shovel. Moles have thin skulls so apparently they are easy to kill. One mole can do an incredible amount of damage.<br /><br />5/31/10 update:<br /><br />New season, new mole appears. Instead of using the mole trap, I tried a new approach--- kill his food source. One application of grub and insect killer and the mole is gone, probably to the neighbors yard. Everything I read on the internet suggest that you have to kill the mole but that has remained elusive except by luck. Getting rid of his food source though worked immediately. We never saw another tunnel after the grub and insect killer was applied over three weeks ago. We'll see how long it lasts but this was much easier than trying (unsuccesfully) to trap the mole.",mole tunnels throughout lawn first tried non lethal castor garlic oil water spray method twice work tried laying two victor sight mole trap work either finally son spot movement lawn stomped tunnel mole dead small inches amazing end problem entire lawn small destroyed one tiny mole best advise look movement mole late afternoon stomp use flat end large shovel moles thin skulls apparently easy kill one mole incredible amount damage update new season new mole appears instead using mole trap tried new approach kill food source one application grub insect killer mole gone probably neighbors yard everything read internet suggest kill mole remained elusive except luck getting rid food source though worked immediately never saw another tunnel grub insect killer applied three weeks ago see long lasts much easier trying unsuccesfully trap mole,-0.9835,negative,0.1164450628736343,positive,negative
5,This product is an excellent dental care product. It certainly helps in keeping Bailey's teeth and gums in better shape. And he loves getting one to chew on each day - he gulps it down. A good product and one the doggie loves too - great combination.,product excellent dental care product certainly helps keeping bailey teeth gums better shape loves getting one chew day gulps good product one doggie loves great combination,0.9821,positive,0.5097883597883598,positive,positive
1,"This product is completely ridiculous. Just a year or two ago, they used to sell it in boxes which contained only chicken tikka masala, and no rice. Now, they've cut the portion of CTM in half, and replaced it with some cheap bland rice. The price of the entire package has NOT gone down, though. So now I get half as much CTM for the same exact price.<br />I emailed the company to complain, and they claim that many people were demanding the rice. I assume this is a lie, because I buy this product for the chicken tikka masala, not for rice. I can easily make my own rice very easily and quickly. I think they did it to cut costs and rip people off.<br />The CTM in the package is delicious, but unfortunately I am not going to buy it when I have to pay full price for such a small amount. Now I have to heat up two of them to get the same amount I had before, and who knows if even that is the same amount.<br />I found one store in Queens that has the old stuff (no rice), but I'm afraid they're going to run out and not replace it.<br />I do not want the rice in this thing, the portion of CTM is much too small. I urge everyone to not buy this product, wait until the old style becomes available again:<br />http://www.amazon.com/Tandoor-Chef-Chicken-Masala-10-Ounce/dp/B002GOYT1O/ref=pd_sim_gro_3",product completely ridiculous year two ago used sell boxes contained chicken tikka masala rice cut portion ctm half replaced cheap bland rice price entire package gone though get half much ctm exact price emailed company complain claim many people demanding rice assume lie buy product chicken tikka masala rice easily make rice easily quickly think cut costs rip people ctm package delicious unfortunately going buy pay full price small amount heat two get amount knows even amount found one store queens old stuff rice afraid going run replace want rice thing portion ctm much small urge everyone buy product wait old style becomes available,-0.7125,negative,0.0771326164874552,positive,negative
1,"Okay I usually LOVE Fondarific fondant and order it any time I want to splurge and save myself the work of making my own fondant. Since I had a cake that I wanted to be hot pink I figured I would order some premade fondarific to avoid the hassle of trying to dye marshmellow fondant to the shade of pink I wanted.<br />What a mess!! I started the cake late because I thought ""hey I have fondarific and it is a cinch to roll out"" WRONG. The stuff was a sticky, gooey mess that kept melting away and tearing when I tried to pull it off the rolling mat. I used a ton of shortening to keep it from sticking and rolled it super thick just to compensate. It sort of worked, my cake had pock marks in the fondant from where it started to tear and stick to the mat but at 1am I was more worried about getting the dang thing covered than I was about pock marks. Seriously it took me about 90 minutes to get my 2 tier cake covered where it usually would take 20 mins with fondarific. I don't know if it had to do with the pink dye in the fondant (I have never used this dark of a pink before) or if there was a manufacture defect with this batch of fondant. All I know is I live in Washington where there is zero humidity and you would have thought I was in Savannah Georgia with the way it was drooping off my hands. I will not be ordering this color again any time soon.<br />I have 3 other colors I ordered and will try out soon, will let you know if I have the same problems with them.",okay usually love fondarific fondant order time want splurge save work making fondant since cake wanted hot pink figured would order premade fondarific avoid hassle trying dye marshmellow fondant shade pink wanted mess started cake late thought hey fondarific cinch roll wrong stuff sticky gooey mess kept melting away tearing tried pull rolling mat used ton shortening keep sticking rolled super thick compensate sort worked cake pock marks fondant started tear stick mat worried getting dang thing covered pock marks seriously took minutes get tier cake covered usually would take mins fondarific know pink dye fondant never used dark pink manufacture defect batch fondant know live washington zero humidity would thought savannah georgia way drooping hands ordering color time soon colors ordered try soon let know problems,-0.8727,negative,0.000615530303030293,abstain,negative
4,"A box comes with 5 bars in it, and the bars themselves are pretty small in comparison to other breakfast bars I have had. Four bites and I am done. But it has a very addicting taste to it. It is packed with granola, with a layer of chocolate on the bottom, and chocolate drizzled on top with chocolate chips on top as well.<br /><br />I really like the taste, but it does taste more sweeter than I thought it would. I can't really taste the normal dark chocolate bitterness. When I am done with the bar, I want more.<br /><br />It says it has 4g fiber, 4g protein, 3g fat, 7g sugar, 85g sodium and 110 calories for 27g size bar.",box comes bars bars pretty small comparison breakfast bars four bites done addicting taste packed granola layer chocolate bottom chocolate drizzled top chocolate chips top well really like taste taste sweeter thought would really taste normal dark chocolate bitterness done bar want says g fiber g protein g fat g sugar g sodium calories g size bar,0.7261,positive,0.17954545454545456,positive,positive
1,"*** I'm going to file an A to Z claim now since Vitacost has already stated they will not take any action for this error as they blame Amazon for misinformation. Per description and picture, a single order should be 6 bottles of Walden Farms Alfredo Pasta Sauce. I placed for orders and expected to receive 24 bottles. Instead, I received 4 bottles. I called Vitacost this morning and spoke to Tekatra who claimed that Vitacost shipped the order as placed by Amazon and Vitacost is not going to be held responsible for misinformation. I certainly feel cheated and would like a full refund or, more preferable, my order completed with the appropriate number of product with free shipping.",going file z claim since vitacost already stated take action error blame amazon misinformation per description picture single order bottles walden farms alfredo pasta sauce placed orders expected receive bottles instead received bottles called vitacost morning spoke tekatra claimed vitacost shipped order placed amazon vitacost going held responsible misinformation certainly feel cheated would like full refund preferable order completed appropriate number product free shipping,-0.058,negative,0.23253968253968255,positive,negative
5,"Pros: Great supplement for convalescing cats - vitamins, nutrients, and includes taurine.  Cons: only good for 3 days - but I have frozen it in ice cube trays and use it as needed.  Recommended.",pros great supplement convalescing cats vitamins nutrients includes taurine cons good days frozen ice cube trays use needed recommended,0.6908,positive,0.5,positive,positive
5,Great snack for those trying to avoid (or can't have) dairy or sugar. The mild ginger taste makes it a great snack or desert.,great snack trying avoid dairy sugar mild ginger taste makes great snack desert,0.7906,positive,0.6444444444444445,positive,positive
5,"I was introduced to this pepper sauce at least ten years ago and have been ordering it by the case ever since.  (In the earlier days when it was less popular, I had to pretend to be a restaurant in order to get it through a commercial supplier.)<br /><br />I do like very hot and spicy.  But, what's special about this sauce is the flavor.  You can actually enjoy the Habanero flavor without your tongue smoking.  Goes on the scrambled eggs every morning.  Good addition to barbecue sauces.  Goes into soups, that 6-hours-of-slow-cooking chili made from scratch (or, the stuff from the can), ....",introduced pepper sauce least ten years ago ordering case ever since earlier days less popular pretend restaurant order get commercial supplier like hot spicy special sauce flavor actually enjoy habanero flavor without tongue smoking goes scrambled eggs every morning good addition barbecue sauces goes soups hours slow cooking chili made scratch stuff,0.9325,positive,0.19154761904761905,positive,positive
1,"I used these pearls on elephant cookies for a client.  They bled horribly, making each elephant look like it had a black eye.  So I ended up having to explain the issue to the client, which made me look completely inept and unprofessional... and I stayed up most of the night rebaking and redecorating them and delivered the cookies just before the event started.  I emailed Wilton customer service and they said that it's common for colored pearls/sprinkles to bleed because of the moisture in the icing.  Basically, ""tough luck.""  Other brands don't bleed, so Wilton is full of crap.  They have lost me as a customer... I will never buy as much as a bakery box from them again.",used pearls elephant cookies client bled horribly making elephant look like black eye ended explain issue client made look completely inept unprofessional stayed night rebaking redecorating delivered cookies event started emailed wilton customer service said common colored pearls sprinkles bleed moisture icing basically tough luck brands bleed wilton full crap lost customer never buy much bakery box,-0.7823,negative,-0.16305555555555556,negative,negative
2,"I've been looking for a replacement for Starbucks which is, to me, too unnecessarily bitter.  I ordered this after I saw a a reviewer mentioned the brand in a review for LavAzza.  I ordered this and the LavAzza Crema de Gusto (according to the reviews not all LavAzza lines are good).<br />Why would I pay almost $16 bucks that doesn't taste or smell as good as our office coffee which is Barnie? Because I didn't know.<br />By the way, I use the French press when preparing both kinds of coffee.  Does that make a difference?",looking replacement starbucks unnecessarily bitter ordered saw reviewer mentioned brand review lavazza ordered lavazza crema de gusto according reviews lavazza lines good would pay almost bucks taste smell good office coffee barnie know way use french press preparing kinds coffee make difference,-0.168,negative,0.19999999999999998,positive,negative
1,"Several of the packages had broken pods inside making a mess... then when trying to brew,  the loose coffee plugged the Senceo machine and caused a bigger mess!!<br />Would not purchase product again.",several packages broken pods inside making mess trying brew loose coffee plugged senceo machine caused bigger mess would purchase product,-0.8168,negative,-0.13038461538461538,negative,negative
5,"This is THE best Korean teriaki stir fry sauce EVER, I've used it for chicken and beef with a plethora of vegetables. It is GREAT. In a pinch, serve it over some spaghetti noodles or rice with chunked cooked leftover meats and veggies, and you have an ""instant better than takeout"" meal. I've taken boring chicken breast and have used this as a dip, and have also used it to liven up ""boring"" meals. It is good with other foods as well, for example it makes a great dipping sauce for won tons as well. Slightly sweet with the teriaki and kind of salty, and LOTs of garlic and whole sesame seeds (even though, I've been using this product for YEARS, I have noticed a decrease in the garlic an sesame seeds.)<br /><br />The ONLY problem is THIS: I get this at a local grocery, and when on sale I get two for 7 dollars. Not on sale they are still under five bucks a bottle!<br />I LOVE LOVE LOVE to shop Amazon, because WHY run out when you can have stuff delivered to you? It is all for convenience. HOWEVER, at $13.92 a pound (or about 10 bucks a bottle on here) I am going to be forced to drive the 4 minutes to my local grocery for this.<br />If I ever move and am forced to purchase online as the only way, I will do it. But for now, I'm making the drive. I can get 2 bottles for less than one on here. Sorry Amazon, it isn't YOU per say, but the seller who is offering this product is price jabbing.<br />Great sauce, but I wouldn't pay over 5 bucks a bottle for it, and certainly will NOT be paying 10 bucks a bottle for it.",best korean teriaki stir fry sauce ever used chicken beef plethora vegetables great pinch serve spaghetti noodles rice chunked cooked leftover meats veggies instant better takeout meal taken boring chicken breast used dip also used liven boring meals good foods well example makes great dipping sauce tons well slightly sweet teriaki kind salty lots garlic whole sesame seeds even though using product years noticed decrease garlic sesame seeds problem get local grocery sale get two dollars sale still five bucks bottle love love love shop amazon run stuff delivered convenience however pound bucks bottle going forced drive minutes local grocery ever move forced purchase online way making drive get bottles less one sorry amazon per say seller offering product price jabbing great sauce pay bucks bottle certainly paying bucks bottle,0.9825,positive,0.07971611721611724,positive,positive
2,"The flavor is OK, considering it's gluten free, but actually not that tasty.  After eating half a bag, I threw the rest away, because it has hard grain bits - really hard.  I recently broke a tooth biting down on something as hard as the grain bits in this cracker, and the dentist bill was close to $1000.  I'm not going to chance breaking another tooth with these crackers.",flavor ok considering gluten free actually tasty eating half bag threw rest away hard grain bits really hard recently broke tooth biting something hard grain bits cracker dentist bill close going chance breaking another tooth crackers,-0.7845,negative,-0.033024691358024695,abstain,negative
1,"I bought the Safer traps and Contech traps at the same time. I followed instructions and waited. The Safer traps, after 4 days, have not trapped a single moth. The Contech traps are almost full. I placed them next to each other to see if it was the positioning, but still the Safer traps have not worked.<br /><br />I could understand if it only trapped a few, but none?? We have a terrible infestation of moths and I'm not pleased at all that apparently these traps have been changed, which is why there are previous good reviews.<br /><br />I'm sending them back.",bought safer traps contech traps time followed instructions waited safer traps days trapped single moth contech traps almost full placed next see positioning still safer traps worked could understand trapped none terrible infestation moths pleased apparently traps changed previous good reviews sending back,-0.2455,negative,-0.05420634920634921,negative,negative
1,"This is truly some nasty salmon.  The taste and mouth feel are awful.  I love fish prepared in a variety of ways - but not mashed up with some yucky seasoning and put in a can.  I have served more appealing cat food (to cats of course).  The trail mix was mostly dried bananas.  The dried soy beans were flavorless.  The chocolate was ordinary.  The crackers were just OK as well.  All in all, a very disappointing box of food and certainly no picnic.",truly nasty salmon taste mouth feel awful love fish prepared variety ways mashed yucky seasoning put served appealing cat food cats course trail mix mostly dried bananas dried soy beans flavorless chocolate ordinary crackers ok well disappointing box food certainly picnic,-0.224,negative,-0.13974025974025975,negative,negative
1,"Be warned!  This product is not sweetened with fruit juice.  It is sweetened with cane sugar, that is what the label on my cans list as an ingredient.  No fruit juice mentioned any where in the ingredients.  I will never order a product again that has a disclaimer for it`s ingredients.  Very shoddy business practice if you ask me. Also the cans were dented.",warned product sweetened fruit juice sweetened cane sugar label cans list ingredient fruit juice mentioned ingredients never order product disclaimer ingredients shoddy business practice ask also cans dented,-0.5562,negative,-0.39,negative,negative
5,I also bought this for my 89 yr old dad for father's day.  He loved it.  He is very hard to shop for too.  I am pleased with this purchase!,also bought yr old dad father day loved hard shop pleased purchase,0.7506,positive,0.2614583333333333,positive,positive
5,These are so tasty I use them when making my cheesecake cookies and in pancakes there's nothing that they can't be used in. They taste sweet and not overpowering.,tasty use making cheesecake cookies pancakes nothing used taste sweet overpowering,0.4588,positive,0.35,positive,positive
5,"Never heard of fish tacos. They would be the last thing I would order on a menu. Having a freezer full of fish made me try some other options and I stumbled onto this! Man, is it good. Ordered two more boxes for my friends in Alaska. They can't get enough! Makes a great taco salad, too.",never heard fish tacos would last thing would order menu freezer full fish made try options stumbled onto man good ordered two boxes friends alaska get enough makes great taco salad,0.893,positive,0.3133928571428571,positive,positive
1,"I've had this variety of tea from other sources, so I have an idea what it should taste like.  When I opened the bag, my nose was assaulted by a strong smell of turpentine - I thought it was the packaging, so I moved it into a plastic storage tub.  The brewed tea tasted equally of turpentine.  I did find that if you leave the tea out in the air, the taste and smell dissipates, but keeping it for any length of time in a closed container causes the turpentine taste/smell to return.  Even aerated, the tea has a very grassy taste to it.<br /><br />Maybe I got a bad batch, but I will not buy a Numi tea again after this bad experience.",variety tea sources idea taste like opened bag nose assaulted strong smell turpentine thought packaging moved plastic storage tub brewed tea tasted equally turpentine find leave tea air taste smell dissipates keeping length time closed container causes turpentine taste smell return even aerated tea grassy taste maybe got bad batch buy numi tea bad experience,-0.8965,negative,-0.14166666666666664,negative,negative
1,All cookies arrived brocken. Such expensive cookies and so poor pack! I believe the manufacturer should improve the way that they pack.,cookies arrived brocken expensive cookies poor pack believe manufacturer improve way pack,-0.3363,negative,-0.3333333333333333,negative,negative
2,I took a bite of my first bar and felt that it was dry and somewhat overcooked(?) I realize that this is suppposed to be a healthy bar but it proved to be heavy eating and definately not without a whole glass of milk.<br />Very disappointing.,took bite first bar felt dry somewhat overcooked realize suppposed healthy bar proved heavy eating definately without whole glass milk disappointing,-0.598,negative,0.013888888888888895,abstain,negative
2,"I bought these treats in the hope of putting a little weight onto our eldest cat.  She can't have grain, so I thought this would be a good purchase.  Unfortunately she turned her nose up at it.  Three others did the same as well.  They would rather bat it around than eat it.  The one cat that does eat the treats doesn't need to.  It's possible that I just bought the wrong flavor, but I am hesitant to purchase more.",bought treats hope putting little weight onto eldest cat grain thought would good purchase unfortunately turned nose three others well would rather bat around eat one cat eat treats need possible bought wrong flavor hesitant purchase,-0.2023,negative,0.0017857142857142794,abstain,negative
1,"Overall I was not happy with the crumbiness of these cookies. They were way to fragile and crumby. There is just too many crumbs in my bed, how am I supposed to sleep like this?",overall happy crumbiness cookies way fragile crumby many crumbs bed supposed sleep like,-0.1275,negative,0.024999999999999994,abstain,negative
1,My dogs had been eating canidae since they stopped eating their puppy food. They did great on it until yesterday we bought a new bag and they became violently ill after only eating one bowl. This was the only variant in their diet.<br />I returned the bag back to the pet store and found out they had changed their formula because ingredients had become more expensive. They did not even notify consumers!<br />My dogs have very sensitive stomachs. What they may consider a simple change made them very sick. This is a complete disregard for the dogs they supposedly care for. I understand they need to make money but notify the consumer so they can make an educated decision or buy the old formula at a higher price.,dogs eating canidae since stopped eating puppy food great yesterday bought new bag became violently ill eating one bowl variant diet returned bag back pet store found changed formula ingredients become expensive even notify consumers dogs sensitive stomachs may consider simple change made sick complete disregard dogs supposedly care understand need make money notify consumer make educated decision buy old formula higher price,-0.5004,negative,0.006270871985157698,abstain,negative
1,"Normally I don't take the time to review food products I buy but this product was ABSOLUTELY GROSS.  The noodles tasted mushy and overcooked and the sauce and toppings were abysmal.  Maybe I have higher standards for asian food but the sauce is overwhelmingly and sickenly sweet (and thats just adding a little over half of the bic packet they give you), the sesame seeds had no flavor, and the ""vegetable toppings"" consisted of a tiny packet of bits of dried carrots and green onion.  Sesame teriyaki? Not even close.  Even dried ramen noodles taste better in my opinion (if only because they are deep fried).  If you REALLY want to buy it and try I'd suggest going to publix or kroger and sampling one before you shell out the money for 6.",normally take time review food products buy product absolutely gross noodles tasted mushy overcooked sauce toppings abysmal maybe higher standards asian food sauce overwhelmingly sickenly sweet thats adding little half bic packet give sesame seeds flavor vegetable toppings consisted tiny packet bits dried carrots green onion sesame teriyaki even close even dried ramen noodles taste better opinion deep fried really want buy try suggest going publix kroger sampling one shell money,-0.1279,negative,0.062239583333333334,positive,negative
1,All good except the product. More minute and very small chips than slices. Price was good but these were obviously rejects at the factory. I will not buy them again.,good except product minute small chips slices price good obviously rejects factory buy,-0.34,negative,0.315,positive,negative
5,"I actually haven't purchased the package on this page, but I did recently acquire a three pack of Mishima's hot and sour soup mix, so I thought I'd leave a review. The person who called it liquid pepper must have gotten a bad batch or something, because there's much more here than just pepper. Dried tofu, mushrooms, and green onions, to name a few things. If you like hot and sour soup, get yourself some of this. It's glorious!<br /><br />If you think it's too spicy, you can always add either more water or, perhaps a bit less practically, extra ingredients like fresh tofu, meat, noodles and beansprouts. I highly recommend this soup powder.",actually purchased package page recently acquire three pack mishima hot sour soup mix thought leave review person called liquid pepper must gotten bad batch something much pepper dried tofu mushrooms green onions name things like hot sour soup get glorious think spicy always add either water perhaps bit less practically extra ingredients like fresh tofu meat noodles beansprouts highly recommend soup powder,0.8117,positive,0.012083333333333337,abstain,positive
5,"We have completely replaced white sugar in our home, and Agave Nectar is one of the things we have used to do it.  We use it in baking (although this gets expensive, so sometimes we use organic evaporated cane sugar instead), for syrup (I don't buy or make syrup anymore), on PB&J's, on top of cold cereal or hot oatmeal, etc.  Agave is actually GOOD for you, as it is high in minerals.  In addition, it is low on the glycemic index, so it does not raise your blood sugar levels.  I have been off of white sugar and corn syrup for over a year, so I can tell immediately if something is high in sugar of any form.  Agave does not give me that feeling, so I know it is not affecting my blood sugar level.  I love this stuff, and this subscription on Amazon is the best price around for the good quality Agave.  Thank you Amazon!  By",completely replaced white sugar home agave nectar one things used use baking although gets expensive sometimes use organic evaporated cane sugar instead syrup buy make syrup anymore pb j top cold cereal hot oatmeal etc agave actually good high minerals addition low glycemic index raise blood sugar levels white sugar corn syrup year tell immediately something high sugar form agave give feeling know affecting blood sugar level love stuff subscription amazon best price around good quality agave thank amazon,0.9653,positive,0.22464285714285714,positive,positive
5,"I make a sauce with a can of Cream of Aparagus Soup and a third of a can of milk and serve it over toast. With a side of applesauce, it's one of my favorite quicky meals and a great use for stale bread! If there's any left, I poach an egg the next morning and serve it on toast with the sauce. Guests love it!",make sauce cream aparagus soup third milk serve toast side applesauce one favorite quicky meals great use stale bread left poach egg next morning serve toast sauce guests love,0.9167,positive,0.18571428571428572,positive,positive
5,"Love these Soy Nuts, especially the garlic and onion blend!!!!  Perfect for taking to a party or just snacking on while on the go.  Been happy with every product from Truson.",love soy nuts especially garlic onion blend perfect taking party snacking go happy every product truson,0.9345,positive,0.575,positive,positive
1,I purchased this syrup in the root beer flavor.  The taste is bad and leaves an unpleasant after taste.  I returned the syrup.,purchased syrup root beer flavor taste bad leaves unpleasant taste returned syrup,-0.765,negative,-0.6749999999999998,negative,negative
5,Iwas delighted when I received my carousel for 35 K-cups.  I can now display all my favorite K-cups.  It looks neat on the counter.  I choose chrome.  I didn't know the carousel would turn showing all my k-cups.  Before getting the carousel I kept my K-cups in a plastic container or a box.  I recommend the carousel and give it a five star rate.  I purchased the carousel from Amazon. I buy all my K-cups through Amazon.<br /><br />Carolyn,iwas delighted received carousel k cups display favorite k cups looks neat counter choose chrome know carousel would turn showing k cups getting carousel kept k cups plastic container box recommend carousel give five star rate purchased carousel amazon buy k cups amazon carolyn,0.91,positive,0.6,positive,positive
1,"The tree arrived practically bare, with half of the remaining leaves dead.  The tree is ugly, and barely hanging on.  I would never recommend this product.",tree arrived practically bare half remaining leaves dead tree ugly barely hanging would never recommend product,-0.8661,negative,-0.1933333333333333,negative,negative
1,"What they fail to mention to everyone is the fact that the candy is all for the decade it was created in. My first piece of candy was an orange tootsie roll. When I bit down I almost broke my teeth it was so rock hard. The product may have been better if it wasn't so old. I also discovered that the small box that I thought was stuffed to the top with candy has paper filler in the bottom. Most of this ""hard to find"" candy can be found at Walmart and various other places for much cheaper prices.",fail mention everyone fact candy decade created first piece candy orange tootsie roll bit almost broke teeth rock hard product may better old also discovered small box thought stuffed top candy paper filler bottom hard find candy found walmart various places much cheaper prices,-0.4243,negative,0.033547008547008546,abstain,negative
5,"Other supermarket brands just don't compare. These Guittard chocolate chips will bring out the best in your favorite recipe, that is if you can help eating them straight out of the bag. I use these in my cherry chocolate chip cookies and they add just the right ""grown up"" touch; the taste is dark without being bitter with just the right amount of sweet. Another favorite is a sprinkle of them on top of corn bread mini muffins, a treat I always enjoyed at a Canadian Pancake House while waiting for Sunday breakfast. Sweet!",supermarket brands compare guittard chocolate chips bring best favorite recipe help eating straight bag use cherry chocolate chip cookies add right grown touch taste dark without bitter right amount sweet another favorite sprinkle top corn bread mini muffins treat always enjoyed canadian pancake house waiting sunday breakfast sweet,0.9822,positive,0.32184065934065936,positive,positive
5,These truffles are so cheep and taste delicious.  Better than some Godiva pieces.  The insides are not overly rich and have the perfect creamy texture that melts away in the mouth.  You can find these in Trader Joe Stores as well.,truffles cheep taste delicious better godiva pieces insides overly rich perfect creamy texture melts away mouth find trader joe stores well,0.8582,positive,0.71875,positive,positive
1,"I used this mix for pizza dough and was terribly disappointed. The dough was much too soft, wrong consistency for crust, and the taste was just ""off"" for pizza crust. I do not know about this mix for other baked goods as I only tried it for pizza.",used mix pizza dough terribly disappointed dough much soft wrong consistency crust taste pizza crust know mix baked goods tried pizza,-0.8689,negative,-0.1791666666666667,negative,negative
4,The coffee is very flavorful.  I'd prefer a medium roast if it were available but this coffee is still very good.  The price is also exceptional.,coffee flavorful prefer medium roast available coffee still good price also exceptional,0.6474,positive,0.5441666666666667,positive,positive
1,"I love crystal light products but I received a sample of this in the mail and will not be purchasing! The taste kind of reminds me of the lemon theraflu, how its bitter and kind of off taste a little bit.",love crystal light products received sample mail purchasing taste kind reminds lemon theraflu bitter kind taste little bit,-0.3382,negative,0.31875000000000003,positive,negative
1,"I ordered this tree for a Valentines gift for my boyfriend.  It looks dead!  We will try to revive however...it doesn't look good.  It looks to me like it may have froze but I'm not an expert.  The packaging is as everyone says a pain which would have been fine had it looked healthy.  Unfortunately there was no zero for a rating.  I got a beautiful diamond necklace, he got a very sick looking tree.",ordered tree valentines gift boyfriend looks dead try revive however look good looks like may froze expert packaging everyone says pain would fine looked healthy unfortunately zero rating got beautiful diamond necklace got sick looking tree,-0.3148,negative,0.11258503401360545,positive,negative
5,I always wondered if using a ready good vinegar would make a big difference in salads.  Answer: yes! this produce is worth the money and a little goes a long ways.,always wondered using ready good vinegar would make big difference salads answer yes produce worth money little goes long ways,0.8516,positive,0.16041666666666665,positive,positive
2,"I know this was supposed to be some great funny movie, but I just didn't get it. It started off OK, Alec Baldwin and Geena Davis were fine, but it just got boring. I couldn't see the point of the movie, even in retrospect. Why make this movie? Plus, the Michael Keaton character was so annoying, I just wanted to go away. I know he was supposed to be annoying, so fine, he did a good job with that, but I don't want to have to listen to it. We watched as a family and my 8-year-old son hated it too. My husband liked it. Maybe it's a guy thing, a grown-up guy thing.",know supposed great funny movie get started ok alec baldwin geena davis fine got boring see point movie even retrospect make movie plus michael keaton character annoying wanted go away know supposed annoying fine good job want listen watched family year old son hated husband liked maybe guy thing grown guy thing,-0.4715,negative,0.016666666666666663,abstain,negative
5,"My husband really likes this flavor, also the Donut House Regular Coffee.  He loves that he can get such a great cup of coffee so fast in the K-cup machine.  We got it pretty fast and in good condition through Amazon.  Had not thought about them for ""grocery"" type things, but have ordered several now and am very pleased with the service.",husband really likes flavor also donut house regular coffee loves get great cup coffee fast k cup machine got pretty fast good condition amazon thought grocery type things ordered several pleased service,0.9279,positive,0.29999999999999993,positive,positive
5,"The vanilla wafer is the best of the sugar free cookies from Murray's, a brand dedicated to sugar free products.  It is so simple and the taste is so authentic that it truly takes you back to when you were a child.",vanilla wafer best sugar free cookies murray brand dedicated sugar free products simple taste authentic truly takes back child,0.9493,positive,0.3833333333333333,positive,positive
5,"These are all natural, raw, and crunchy! I usually hate crunchy cookies, but these are more like chips. All those words that usually turn people off, like raw, or all natural, these are addicting! Try some and increase your intake of organic sprouted nuts and seeds, Dr. Oz would approve!",natural raw crunchy usually hate crunchy cookies like chips words usually turn people like raw natural addicting try increase intake organic sprouted nuts seeds dr oz would approve,0.8877,positive,-0.11614010989010991,negative,positive
1,"Received the package and tried one out immediately. I don't know what the expected shelf life is on a coffe kcup but I think this one expired a long time ago. The coffee had a harsh smell, like when you left the can open and the coffee went stale. The taste was bitter and did not meet my expectations. Cross it off my list!!!!",received package tried one immediately know expected shelf life coffe kcup think one expired long time ago coffee harsh smell like left open coffee went stale taste bitter meet expectations cross list,-0.7556,negative,-0.11875000000000001,negative,negative
2,"I got Teriyaki pack which is an ok flavor, I feel it is on the salty side. The main problem is the shape and texture of the meat. I dont get it why it is made it into the same size strips? that seems unnatural. The only possible answer I can think of is they try to cover up the low quality and different part of meat they mix together, so the texture is somewhat disgusting as the result. Every piece of the jerky is hard to chew, they should have trimed the meat and removed the membrane, but they did not, so you can taste that and chew on that forever. I had to spit it out eventually.",got teriyaki pack ok flavor feel salty side main problem shape texture meat dont get made size strips seems unnatural possible answer think try cover low quality different part meat mix together texture somewhat disgusting result every piece jerky hard chew trimed meat removed membrane taste chew forever spit eventually,-0.4684,negative,-0.06944444444444445,negative,negative
1,"There is very little meat in this food and there are toxic chemicals.<br /><br />Various Meat By Products--lower quality than whole meat or meals and harder to digest than actual meat.<br /><br />Caramel coloring is only necessary when there is not enough meat.  Caramel color may be carcinogenic.<br /><br />""Liquid Top Sirloin flavor""  ""Grilled chicken flavor""--  Flavoring is only necessary when the product has insufficient meat.  Top Sirloin flavoring is made from manure of cattle.<br /><br />Carageenan causes cancer, including breast cancer.  Read an interview with Joanne Tobacman, MD, professor of internal medicine, University of Iowa at [..]<br /><br />There are no vegetables in this food.<br /><br />Cesar has repeatedly stated that his entire goal in coming to the United States was to go to Hollywood and be famous.  I think that that focus on fame (and money) is apparent in his approach to dog food:  Give crummy food nice packaging and an appealing name.<br /><br />That one's dog will eat it is no advertisement.  First, the only thing one really has to do to sell dog food is make it so the dogs will eat it.  That the dog will eat it is no measure of the quality or benefit of the food.  Dogs eat anything--including manure, which is part of this food as the meat flavoring.",little meat food toxic chemicals various meat products lower quality whole meat meals harder digest actual meat caramel coloring necessary enough meat caramel color may carcinogenic liquid top sirloin flavor grilled chicken flavor flavoring necessary product insufficient meat top sirloin flavoring made manure cattle carageenan causes cancer including breast cancer read interview joanne tobacman md professor internal medicine university iowa vegetables food cesar repeatedly stated entire goal coming united states go hollywood famous think focus fame money apparent approach dog food give crummy food nice packaging appealing name one dog eat advertisement first thing one really sell dog food make dogs eat dog eat measure quality benefit food dogs eat anything including manure part food meat flavoring,-0.3182,negative,0.11220238095238096,positive,negative
4,"Chia Seeds are kind of weird.  You can put them in ANYTHING.<br /><br />When I opened the bag, my husband immediately tried them in all sorts of things, and has continued to experiment throughout.  Dry?  Gets stuck in your teeth.  He drinks them in chocolate milk when he gets home from a bike ride.  My daughter tried them in apple juice (""They're kind of like frogs eggs, Mom."").  One of my coworkers mixes them with water and then substitutes half the oil in certain baking recipes.<br /><br />For myself, I like them in oatmeal.  I add 2 tablespoons to my regular preparation, and a little extra water.  They give the oatmeal a little more texture.<br /><br />I have not noticed any appreciable health effects, and the chia seeds in oatmeal don't seem to make the fullness effect last any longer than if it was plain, but they're kind of cool.<br /><br />I like having weird grains and things in my pantry. If you're the kind of person who doesn't shy away from things like quinoa and jicama, then chia seeds are for you.",chia seeds kind weird put anything opened bag husband immediately tried sorts things continued experiment throughout dry gets stuck teeth drinks chocolate milk gets home bike ride daughter tried apple juice kind like frogs eggs mom one coworkers mixes water substitutes half oil certain baking recipes like oatmeal add tablespoons regular preparation little extra water give oatmeal little texture noticed appreciable health effects chia seeds oatmeal seem make fullness effect last longer plain kind cool like weird grains things pantry kind person shy away things like quinoa jicama chia seeds,0.816,positive,0.046568627450980386,abstain,positive
2,Had some problems with this batch of K cups.  Seal seemed to be loose on some of cups and caused grounds in the coffee and overflow of water from pot.  Have never experienced this problem with any other K cups.,problems batch k cups seal seemed loose cups caused grounds coffee overflow water pot never experienced problem k cups,-0.7978,negative,-0.20064102564102568,negative,negative
2,Tried a variety selection hoping to find a coffee to suit me.  All varieties were weak and way below the standards of most of the K Cup competition out there!,tried variety selection hoping find coffee suit varieties weak way standards k cup competition,-0.1007,negative,0.125,positive,negative
5,"EXCELLENT PRODUCT FOR BABIES! My daughter has oral motor issues but loves these.  They dissolve better than anything we've tried, no choking on chunks!  They are cheap and taste them yourself, yummy!  Great texture, large size, on a messy scale of 1-10, a 1 !  I won't touch gerber finger foods again!  Very low sugar also, my 3 yr old son even likes them!",excellent product babies daughter oral motor issues loves dissolve better anything tried choking chunks cheap taste yummy great texture large size messy scale touch gerber finger foods low sugar also yr old son even likes,0.979,positive,0.3689732142857143,positive,positive
1,My rating has nothing to do with the actual product but the purchase price.<br />This particular salt can be purchased on the celticseasalt website from 2 to 5 dollars per bag depending on the size bag. Do not purchase this anywhere else you are wasting your money.,rating nothing actual product purchase price particular salt purchased celticseasalt website dollars per bag depending size bag purchase anywhere else wasting money,-0.5499,negative,0.08333333333333333,positive,negative
2,I was looking for a tea with a hint of black currant flavor complementing a black iced tea blend.  This tea brews up looking like red fruit punch.  The black currant flavor is tangy bordering on bitter.  I didn't see that there was any black tea contribution to the final brew.  I didn't care for it at all.,looking tea hint black currant flavor complementing black iced tea blend tea brews looking like red fruit punch black currant flavor tangy bordering bitter see black tea contribution final brew care,-0.4456,negative,-0.10952380952380951,negative,negative
5,"<a href=""http://www.amazon.com/gp/product/B002GWFB40"">Coffee Bean Direct Assorted Whole Bean Decaf Coffee Sampler, 9-Pound Box</a><br /><br />Excellent; wonderful, great, full of all that coffee goodness, and a couple of cool coffee cups to boot.<br /><br />Like good coffee, trying new brews, grinding your own beans, or know someone that does, this sampler is for you. Several sample packs to choose from and delivered right to your door. The box is big, really big and the pouches are retro brown paper bags, foil lined and resealable.  They even have tea samplers, what's not to like?<br /><br />This brew is for you.",coffee bean direct assorted whole bean decaf coffee sampler pound box excellent wonderful great full coffee goodness couple cool coffee cups boot like good coffee trying new brews grinding beans know someone sampler several sample packs choose delivered right door box big really big pouches retro brown paper bags foil lined resealable even tea samplers like brew,0.969,positive,0.34785214785214785,positive,positive
5,I too was disappointed that our local Costco store no longer carries this item...thank goodness it's available here.  This is  a great all-around seasoning for sauce or even plain noodles tossed with a bit of olive oil.  We're especially fond of using this seasoning on eggs instead of the usual salt and pepper.,disappointed local costco store longer carries item thank goodness available great around seasoning sauce even plain noodles tossed bit olive oil especially fond using seasoning eggs instead usual salt pepper,0.7178,positive,0.02321428571428573,abstain,positive
1,This does not taste the same as other sweeteners.  I tried it a few times and didn't like it.  It tastes horrible in coffee.,taste sweeteners tried times like tastes horrible coffee,-0.6818,negative,-0.33125,negative,negative
5,Next best thing to drinking fresh-juiced wheat grass. I love to grow wheat grass and juice it myself. Sometimes I find there isn't time to do this. This product has been perfect for the times I am unable to make the juice myself.,next best thing drinking fresh juiced wheat grass love grow wheat grass juice sometimes find time product perfect times unable make juice,0.9201,positive,0.4,positive,positive
1,"I gave Oregon Chai a try when my local grocery store didn't have Tazo. Big Mistake! It's somehow watery tasting and too sweet at the same time. And there's no spice. If you're used to Starbucks Chai, which is Tazo, then you won't like this stuff.",gave oregon chai try local grocery store tazo big mistake somehow watery tasting sweet time spice used starbucks chai tazo like stuff,-0.4592,negative,0.0875,positive,negative
1,"I was so disappointed with this item; I have bought and liked the hazelnut but this is terrible. There is no vanilla taste but a coconut one!! I like coconut in a Mounds bar, NOT coffee!! I would not buy this ever again!",disappointed item bought liked hazelnut terrible vanilla taste coconut one like coconut mounds bar coffee would buy ever,-0.7553,negative,-0.3833333333333333,negative,negative
5,"As we try to gently move to healthier choices, I have NEVER been able to sell my children on whole grain pasta. On an impulse I picked this up at the Whole Foods last week -- and they devoured it. They even like it better than regular white flour pasta! I can make an inexpensive, nutritious meal my children will actually eat? Awesomeness squared.",try gently move healthier choices never able sell children whole grain pasta impulse picked whole foods last week devoured even like better regular white flour pasta make inexpensive nutritious meal children actually eat awesomeness squared,0.8268,positive,0.17777777777777776,positive,positive
1,"We purchased a six box carton of the product. We were very disappointed with the product, as it tastes very stale and does not have the flavor that we remembered. It leaves a dry chalky aftertaste. We are feeding the boxes to the birds.",purchased six box carton product disappointed product tastes stale flavor remembered leaves dry chalky aftertaste feeding boxes birds,-0.5256,negative,-0.5638888888888889,negative,negative
1,"This food is compete garbage. Its main ingrediant is corn, which is very unhealthy for dogs since they cannot digest it. It is just filler that stresses out your dog's digestive systems. You are paying for food your dog can't even digest! Also the meat in this food from meat that was of a too poor quality for human consumption. This includes feet and intestines.<br /><br />Please save yourself time, money, and your dog's health by reading the review of it at [...]",food compete garbage main ingrediant corn unhealthy dogs since cannot digest filler stresses dog digestive systems paying food dog even digest also meat food meat poor quality human consumption includes feet intestines please save time money dog health reading review,-0.6793,negative,-0.22083333333333335,negative,negative
5,All the mixes in the Dip Trio are super yummy AND super easy to make - they are ready to chill in your fridge in about 1 minute or less!!!,mixes dip trio super yummy super easy make ready chill fridge minute less,0.955,positive,0.19489583333333335,positive,positive
1,"As someone on a low sodium diet I have to make many types of food which most people buy, such as applesauce,bread, ricotta,and granola. I think these bars-and other Larabar flavors- taste 'chemical' to the point that they verge on artificial, despite being haled as all natural.  ""Natural"" does not equal tasty,and it often means nothing important. Besides tasting better,I wish the sodium levels were more readable - and lower.Sure fat,sugar and protein are all important,but more people die of cardiac disease and hypertension -linked to high sodium in the diet- than from lack of protein.",someone low sodium diet make many types food people buy applesauce bread ricotta granola think bars larabar flavors taste chemical point verge artificial despite haled natural natural equal tasty often means nothing important besides tasting better wish sodium levels readable lower sure fat sugar protein important people die cardiac disease hypertension linked high sodium diet lack protein,-0.3549,negative,0.14178571428571426,positive,negative
1,"Out of all the chai tea pre-mixes I have tried, this is by far the worst in my opinion. The mixture is very watered down and just sugary tasting. The taste of the spices is not there. I tried adding ingredients and making it drinkable, but there was no fixing it. I threw it away.",chai tea pre mixes tried far worst opinion mixture watered sugary tasting taste spices tried adding ingredients making drinkable fixing threw away,-0.6542,negative,-0.21388888888888888,negative,negative
1,"HORRIBLE!<br /><br />Package said cook 5-7 minutes. Set the timer for 6 and promptly drained the pasta. Many of the spirals had broken down into...lumps. But, I stupidly figured it would be fine with sauce on it. It tasted like paste. Or, maybe envelope glue. Either way it was awful. My 2.5 year old ate about 5 bites, and that was more than anyone else. Thank goodness for take out Mexican food, I guess. Entire dinner went in the garbage.<br /><br />The next day my youngest laid on the couch all day crying that his stomach hurts and had awful diarrhea.<br /><br />I emailed the company, they thanked me for writing and offered to send coupons. Yeah...no thanks!!!",horrible package said cook minutes set timer promptly drained pasta many spirals broken lumps stupidly figured would fine sauce tasted like paste maybe envelope glue either way awful year old ate bites anyone else thank goodness take mexican food guess entire dinner went garbage next day youngest laid couch day crying stomach hurts awful diarrhea emailed company thanked writing offered send coupons yeah thanks,-0.7067,negative,-0.1177331349206349,negative,negative
5,"This item was received promptly and is exactly what I expected. It's a little pricey, but it was recommended by Rocco Dispirito (chef for ""The Biggest Loser"" TV show), so I HAD to have it. Haven't made his ""black bean brownies"" yet, but I'm sure they'll be great. This stuff smells like a million dollars!",item received promptly exactly expected little pricey recommended rocco dispirito chef biggest loser tv show made black bean brownies yet sure great stuff smells like million dollars,0.8671,positive,0.21597222222222223,positive,positive
5,"I don't have any kids--that I know of--and I'm not a health nut but I eat a lot of Clif Bars while cycling.  It's the only real food that's truly portable and it comes in a great variety of flavors.  And now they've come out with the same sort of thing for active kids, at a portable and properly sized 70 calories of fruity fueling deliciousness.<br /><br />The thing that Clif understands that most people don't is, snacks are like kindling for the fire that keeps your internal engine going strong.  If you're sitting at your office desk drinking Gatorade and chomping down sports nutrition bars, you're really doing nothing more than producing fat and consuming too much salt (which is what electrolytes are), which increases your blood pressure, adds to stress, et cetera.  On the other hand, if you're out even just walking around the town or city that you live in for more than an hour at a shot (shopping, sightseeing, whatever), and eat something while continuing to move, your body will immediately use that to give you an energy boost, and will burn more calories--given that the activity level continues and is high enough to burn more than you are consuming--by turning to your fat stores next.  People know this instinctively, but tend to overconsume in those times of need.  The sudden influx of calories, particularly sugars, is like spraying lighter fluid on a fire that's already burning--which of course will suddenly burn hotter--ergo, you will lose weight or at least your endurance will increase if you're already thin--but if you consume too many calories at those times your body's systems will be overwhelmed (getting you ready for a recovery nap).<br /><br />I tested these out while cycling, where I usually go an hour before consuming anything but water, then eat a Clif Bar, and go on for another hour for my average ride or several hours during an event such as a 100 mile ""Century"" ride.  I found that because the twisted fruit rope is just sugary enough and has a good amount of carbs for fuels (with only 70 calories per serving), it gave me an immediate boost that lasted a good half hour.  I only consumed a 70 calories--the calories in one Clif Kid Twisted Fruit, Strawberry--but during that 30 minutes I burned at least 250 calories (if it was a casual ride, which it wasn't).<br /><br /> (During a recent 100 mile bike ride, I burned about 900 calories per hour on average, for 6 hours, which is 5,400 calories or 1.5 pounds of fat, or 2.7 large pizzas worth of calories or 42 Hostess Cupcakes--or 36 PINTS OF GUINNESS!  I would need to eat 77 of these Clif Kid Twisted Fruit, Strawberry ropes to stay even at calories consumed vs. burned, and then add 2050 calories more to account for my resting metabolism.)<br /><br />But I'm not on the bike every day like I used to be, so like any office worker/weekend warrior, I have to do both--consume an enormous amount of calories while at play, and consume a minimum of calories during work days (Wall Street job, power sitting a good 10 hours a day).  This seems the perfect snack for both because it has an extremely reasonable amount of calories--only 70--and yet it's a refreshingly sweet item that will give me a nice little boost maybe twice a day.<br /><br />For a kid, this effect will be far better since kids are more active.  You could give a child two or three of these for the day and tell her/him to eat them whenever they like--which more than likely will be a bit before lunch, another in the afternoon, and another around when they're heading home.  Perfect.  Conversely, if you give your kids money for whatever snacks they like, inevitably they'll get all their calories at once, with lunch and likely from the highest calorie source (and the schools should be sued for selling candy in their cafeterias--so friggin irresponsible).<br /><br />BOTTOM LINE: This kid sized snack is great for even us big kids who sit around all day working.  I don't have any children, but I'll be buying these for myself from now on.  Perfect nutrition for both work and play.",kids know health nut eat lot clif bars cycling real food truly portable comes great variety flavors come sort thing active kids portable properly sized calories fruity fueling deliciousness thing clif understands people snacks like kindling fire keeps internal engine going strong sitting office desk drinking gatorade chomping sports nutrition bars really nothing producing fat consuming much salt electrolytes increases blood pressure adds stress et cetera hand even walking around town city live hour shot shopping sightseeing whatever eat something continuing move body immediately use give energy boost burn calories given activity level continues high enough burn consuming turning fat stores next people know instinctively tend overconsume times need sudden influx calories particularly sugars like spraying lighter fluid fire already burning course suddenly burn hotter ergo lose weight least endurance increase already thin consume many calories times body systems overwhelmed getting ready recovery nap tested cycling usually go hour consuming anything water eat clif bar go another hour average ride several hours event mile century ride found twisted fruit rope sugary enough good amount carbs fuels calories per serving gave immediate boost lasted good half hour consumed calories calories one clif kid twisted fruit strawberry minutes burned least calories casual ride recent mile bike ride burned calories per hour average hours calories pounds fat large pizzas worth calories hostess cupcakes pints guinness would need eat clif kid twisted fruit strawberry ropes stay even calories consumed vs burned add calories account resting metabolism bike every day like used like office worker weekend warrior consume enormous amount calories play consume minimum calories work days wall street job power sitting good hours day seems perfect snack extremely reasonable amount calories yet refreshingly sweet item give nice little boost maybe twice day kid effect far better since kids active could give child two three day tell eat whenever like likely bit lunch another afternoon another around heading home perfect conversely give kids money whatever snacks like inevitably get calories lunch likely highest calorie source schools sued selling candy cafeterias friggin irresponsible bottom line kid sized snack great even us big kids sit around day working children buying perfect nutrition work play,0.9987,positive,0.1669292606232905,positive,positive
2,"vendor had no description of ingredients except ""marshmallows"" when we ordered and product had been tagged as Vegan by another reviewer.  After contacting seller they rushed to update description to show Gelatin before they replied back.  Refunded purchase but not shipping.",vendor description ingredients except marshmallows ordered product tagged vegan another reviewer contacting seller rushed update description show gelatin replied back refunded purchase shipping,-0.1531,negative,0.0,abstain,negative
4,"High calories, high carbs, high protein, low sugar, 0 trans fats, exactly what a mass gainer should have. If you are already getting enough carbs and calories in your diet, stick to protein drinks, not mass gainers. For those of us who can't get enough cals & carbs, this is very good. However, i'd like to see Glutamine and BCAAs added, and of course it could be a little cheaper.",high calories high carbs high protein low sugar trans fats exactly mass gainer already getting enough carbs calories diet stick protein drinks mass gainers us get enough cals carbs good however like see glutamine bcaas added course could little cheaper,0.5563,positive,0.1613888888888889,positive,positive
1,I've tried every flavor...all are horrible. I would not even feed them to a dog. I regret making this purchase!,tried every flavor horrible would even feed dog regret making purchase,-0.7644,negative,-1.0,negative,negative
5,"I didn't know what to think about how hummus from a box would taste, but seriously, this stuff is delicious! It makes twice or more of what I've been buying at the supermarket already made in a small tub container at a fraction of the cost. I just put the required water in, mixed it with a regular fork, and since I wanted it to be just a bit more creamy, I added a little olive oil. This is NOT necessary to get great tasting hummus, though. It was just a personal consistency preference. I didn't have any pita bread in the house, but I did have some toasted pita chips and some thin, soft tortilla bread, and both worked perfectly for pairing with the hummus. I will DEFINITELY be back for more of this once I've used my 12 pack up. Absolutely!",know think hummus box would taste seriously stuff delicious makes twice buying supermarket already made small tub container fraction cost put required water mixed regular fork since wanted bit creamy added little olive oil necessary get great tasting hummus though personal consistency preference pita bread house toasted pita chips thin soft tortilla bread worked perfectly pairing hummus definitely back used pack absolutely,0.9711,positive,0.20465686274509806,positive,positive
1,Terrible item....  packaging hard to remove... gum hard as a rock with flavor that lasts for 10 seconds.....unfortunate waste of money.,terrible item packaging hard remove gum hard rock flavor lasts seconds unfortunate waste money,-0.7717,negative,-0.44583333333333336,negative,negative
5,"I had never tried this particular brand of coffee before and I must say, I was impressed.  To be honest, most times I don't go for the flavored coffees;  to me they tend to be a little too artificial tasting or overly powerful in aroma and weak on taste.  While this coffee is not for my everyday morning, this was a great treat to have after dinner.  I liked that it was smooth, flavorful, and not overwhelming.  It even replaced any ideas I had had about having a dessert or a snack because it was so fufilling.  My husband even wanted to try some after the smell of the coffee lingered into the living room, and he is not a coffee drinker at all.  I would definitely recommend this to anyone I know and I already have.",never tried particular brand coffee must say impressed honest times go flavored coffees tend little artificial tasting overly powerful aroma weak taste coffee everyday morning great treat dinner liked smooth flavorful overwhelming even replaced ideas dessert snack fufilling husband even wanted try smell coffee lingered living room coffee drinker would definitely recommend anyone know already,0.9643,positive,0.19672619047619047,positive,positive
1,I received 4 of these and they were simply an assortment of k-cups thrown into a brown paper lunch bag. This is particularly annoying for me as I use the k-cup rack which is specifically designed for the 24-count boxes.,received simply assortment k cups thrown brown paper lunch bag particularly annoying use k cup rack specifically designed count boxes,-0.4576,negative,-0.4,negative,negative
5,I bought this for my sister's baby shower because she's setting up the baby's room in a Winnie the Pooh theme. This cute topper was exactly what we needed for the cake. My sister loved it so much she's storing it for baby's first birthday.,bought sister baby shower setting baby room winnie pooh theme cute topper exactly needed cake sister loved much storing baby first birthday,0.8126,positive,0.38,positive,positive
4,"This chili is pretty tasty (but only a little spicy).  It's easy to take with you.  There are two good size servings per container.  Each serving is 220 calories, with 9 grams of fat, 18 grams of carbs and 16 grams of protein.  I've only eaten it as is, but I think it would be great on nachos or chili dogs.",chili pretty tasty little spicy easy take two good size servings per container serving calories grams fat grams carbs grams protein eaten think would great nachos chili dogs,0.9438,positive,0.2851190476190476,positive,positive
5,"After our local grocery store (we have only one in town) quit carrying the French's potato sticks, I decided to look online - and found my favorite 'shoestrings' in one-pound packages. I will continue to purchase them regularly.",local grocery store one town quit carrying french potato sticks decided look online found favorite shoestrings one pound packages continue purchase regularly,0.4588,positive,0.1,positive,positive
5,"I placed an order for six of these several days ago and they arrived two days ago.  These preserves are outstanding and probably the best that I have ever eaten.  As a result, we have placed orders for several different flavors.  This is a good time to try them out with the special incentives and Amazon was by far the best price I found anywhere.",placed order six several days ago arrived two days ago preserves outstanding probably best ever eaten result placed orders several different flavors good time try special incentives amazon far best price found anywhere,0.9682,positive,0.4063492063492064,positive,positive
1,"This is Kraft equivalent to the Ford ""Edsel""! Whoever was involved in the decision to market this stuff, did nothing to preserve their job security. If I wanted to go through all the bother of making a white sauce, I'd be making my mac & cheese entirely from scratch. Total waste of time and extra money, with no benefit to taste. The end product was very bland with an unappealing texture. We didn't really like it at all. They use a thicker type of macaroni and even after cooking a few additional minutes it was still kind of tough and gummy. I'll stick with the Kraft Deluxe... taste better... easier to prepare... and cheaper.",kraft equivalent ford edsel whoever involved decision market stuff nothing preserve job security wanted go bother making white sauce making mac cheese entirely scratch total waste time extra money benefit taste end product bland unappealing texture really like use thicker type macaroni even cooking additional minutes still kind tough gummy stick kraft deluxe taste better easier prepare cheaper,-0.5081,negative,0.038034188034188024,abstain,negative
5,"This is a great product at a great price.  Stays fresh and the flavor is good.  My Sams used to carry (another) brand, but stopped selling it.  This is a better tasting product and much, much cheaper.",great product great price stays fresh flavor good sams used carry another brand stopped selling better tasting product much much cheaper,0.8481,positive,0.55,positive,positive
1,"Be careful ordering these treats. I received wraps and, unfortunately, opened them. Now I realize these aren't the correct treats and contain no chodrotin sulfate or glucosamine. I paid plenty for a much less expensive product!",careful ordering treats received wraps unfortunately opened realize correct treats contain chodrotin sulfate glucosamine paid plenty much less expensive product,-0.5093,negative,-0.34791666666666665,negative,negative
5,"I found this to be the best bargain for a higher quality dog food, comparable to Wellness and Blue Buffalo. My dogs both love it and one of my dogs that often gets topical yeast infections does not have problems on this food so its not full of bread filler. The only other food comparable for my dog's yeast problem is Wellness and it got too pricy for me.  I did notice a salmonella recall on the Diamond lamb flavor, spring of 2012, so I keep an alert on my google news,  but its the only recall I've seen and it went public fast, right on the Diamond site and there were no fatalities because it was dealt with well.  Still, good to know.",found best bargain higher quality dog food comparable wellness blue buffalo dogs love one dogs often gets topical yeast infections problems food full bread filler food comparable dog yeast problem wellness got pricy notice salmonella recall diamond lamb flavor spring keep alert google news recall seen went public fast right diamond site fatalities dealt well still good know,0.9732,positive,0.20274725274725272,positive,positive
1,Do not buy this! All it tastes of is lime and nothing will save this soup! Better to make my own that eat this crap!,buy tastes lime nothing save soup better make eat crap,-0.558,negative,0.03333333333333336,abstain,negative
1,Felt like I was in the barn eating hay. Too bad I bought a case of 24 of them. So far I have found no one that likes it. I keep try becuase I have quite a few left.,felt like barn eating hay bad bought case far found one likes keep try becuase quite left,-0.1027,negative,-0.19999999999999996,negative,negative
5,"I buy this instead of sodas for my family.  It does have sugar, but not High fructose corn syrup, so I think it is better for them.  I don't drink it, but they mix it by the glass or the pitcher.  It's easy to use, and the price here for subscribe and save is about the same price I used to pay at Sam's Club.  Now I don't have to pay warehouse fees and I don't have to drag those heavy cans from the store to my car, from my car into my house.  Amazon delivers it right to my front door!  I'm a happy Amazon customer.",buy instead sodas family sugar high fructose corn syrup think better drink mix glass pitcher easy use price subscribe save price used pay sam club pay warehouse fees drag heavy cans store car car house amazon delivers right front door happy amazon customer,0.9729,positive,0.21380952380952378,positive,positive
1,"I ordered this because it's vegetarian and I've been trying to find a good tomato flavored ramen (I used to buy Maruchan but they've discontinued it). I really should have tried to find it closer to me and tried one bowl of soup before buying a whole case, it tastes AWFUL! It's really bitter and doesn't taste at all like tomato to me. After initially trying it I let it sit for a while so the noodles could absorb the juice more and see if that tempered the bitterness, but they don't, it's unfixable. Sorry!<br /><br />Gross gross gross!",ordered vegetarian trying find good tomato flavored ramen used buy maruchan discontinued really tried find closer tried one bowl soup buying whole case tastes awful really bitter taste like tomato initially trying let sit noodles could absorb juice see tempered bitterness unfixable sorry gross gross gross,-0.9748,negative,0.055555555555555546,positive,negative
1,"Received only 9 pieces of 8 different flavors for a total of 72.  I'm assuming you are supposed to get 10 of each flavor.  While they were packaged fairly well, with bubble wrap around them and only a few were broken, anytime you do not get what you paid for is a fail.",received pieces different flavors total assuming supposed get flavor packaged fairly well bubble wrap around broken anytime get paid fail,-0.6705,negative,-0.05000000000000001,negative,negative
5,"An Asian co-worker gave me one of these. This candy is awesome. And, apparently, somewhat good for you! I bought 10 bags, and I pass them out to students. Most awesome candy ever...",asian co worker gave one candy awesome apparently somewhat good bought bags pass students awesome candy ever,0.908,positive,0.5708333333333333,positive,positive
1,"This salt is NOT smoked. Read that again. It is a 2 pound bag of white salt that has a fake hickory smell. It is small crystals, about the size of table salt crystals. My guess is that they tried to infuse flavor into the salt rather than smoking it. The hickory flavor is very faint, and very fake tasting. You are much better off buying real smoked salt, such as Gourmet Hickory Smoked Sea Salt by The Spice Lab Inc. I am not in any way affiliated with The Spice Lab - I bought their salt simultaneously with Faerie's Finest in order to compare the two. Not only is it inferior to The Spice Lab, but Faerie's Finest is the worst smoked salt I have tasted.",salt smoked read pound bag white salt fake hickory smell small crystals size table salt crystals guess tried infuse flavor salt rather smoking hickory flavor faint fake tasting much better buying real smoked salt gourmet hickory smoked sea salt spice lab inc way affiliated spice lab bought salt simultaneously faerie finest order compare two inferior spice lab faerie finest worst smoked salt tasted,-0.8688,negative,-0.23499999999999996,negative,negative
1,"Amazon's packaging really bad, Frst time I ordered this - no packaging or protection for product, arrived torn all to pieces and product damaged. I called Amazon, said they would send again properly. Same thing the second shipment, no packaging or protection, just thrown in the box, arrived ripped all to pieces, and product all over box. Don't understand Amazon not caring how their product arrives.....",amazon packaging really bad frst time ordered packaging protection product arrived torn pieces product damaged called amazon said would send properly thing second shipment packaging protection thrown box arrived ripped pieces product box understand amazon caring product arrives,-0.9265,negative,-0.23333333333333328,negative,negative
1,"I have enjoyed Prince of Peace's Green and Oolong Teas and was going to order their White and Pu-erh Tea for that reason, but after reading about their shameful move to more than double their price simply because Dr. Oz has pointed out that these teas have health benefits, I won't be buying any more of their tea.  Shame, Shame on the makers of Prince of Peace!!!  You would have benefited far more had you left your price alone because the number of people buying your tea at $6.99 would have been far greater than the number that are able to pay $19.99 will be!",enjoyed prince peace green oolong teas going order white pu erh tea reason reading shameful move double price simply dr oz pointed teas health benefits buying tea shame shame makers prince peace would benefited far left price alone number people buying tea would far greater number able pay,-0.4249,negative,0.2770432692307693,positive,negative
1,"I purchased this product from my local health food store.  It was still well within its sell-by date.  I tasted it both plain and in a raw food recipe (with dates and nuts), and in both cases it had a terrible taste.  It was very dry and tasted overwhelmingly of soap.  I will not purchase this product again.",purchased product local health food store still well within sell date tasted plain raw food recipe dates nuts cases terrible taste dry tasted overwhelmingly soap purchase product,-0.5859,negative,-0.17195360195360196,negative,negative
1,"The bottles were both leaking badly; about half the product had leaked through the bottom of the box.  Unfortunately they cannot be returned, so I just wasted money ordering this.",bottles leaking badly half product leaked bottom box unfortunately cannot returned wasted money ordering,-0.8824,negative,-0.3916666666666666,negative,negative
2,"I bought this thinking it was high quality saffron but what I received seemed stale, very little aroma and taste. Comes in a small plastic case that is not airtight and there is no date of production or use by date on package. Sent it back for a refund.",bought thinking high quality saffron received seemed stale little aroma taste comes small plastic case airtight date production use date package sent back refund,-0.4215,negative,-0.16675,negative,negative
5,"I snack on these when I'm craving chips.  These are the only things that really quiet down that craving.  Maybe it is all the sodium/salt  - I don't know.  But I've bought so many of the atkins snacks, and although many are good, this (a non atkins product) is the only low-carb food I have that I reach for when I really feel like cheating.",snack craving chips things really quiet craving maybe sodium salt know bought many atkins snacks although many good non atkins product low carb food reach really feel like cheating,0.3339,positive,0.21805555555555553,positive,positive
5,"We love these sardines.They are firm and whole, they don't fall to pieces when you pick them up. We tried some from Walmart and they were mushy so my kids would not eat them. We think they taste great and they are a convenient way to get some fish into our diet.",love sardines firm whole fall pieces pick tried walmart mushy kids would eat think taste great convenient way get fish diet,0.8519,positive,0.325,positive,positive
5,EASY  TO  USE.  TASTY  TO  DRINK.  PRICED  RIGHT  COMPARED  TO  OTHER  BRAND  MIXES.  QUICK  SHIPMENT.  HOPE  THEY  GET  MORE  COOL  RASPBERRY  AND  ORANGE  FLAVORS  IN  STOCK.,easy use tasty drink priced right compared brand mixes quick shipment hope get cool raspberry orange flavors stock,0.8122,positive,0.29623015873015873,positive,positive
1,"purchased this product based on the title ""Roll Curls 4in 1LB 24 - 1 pound / 4 inch""<br /><br />Believed to be getting 24 roll curls per package - this is not what arrived; when package arrived there were 10 rolls in each package.<br /><br />Will not purchase from this supplier again, as I believe this to be a misrepresentation of the product.",purchased product based title roll curls lb pound inch believed getting roll curls per package arrived package arrived rolls package purchase supplier believe misrepresentation product,-0.4588,negative,0.0,abstain,negative
5,"We agree with the other reviews of this product.  These dried cranberries are excellent.  We eat them as snacks and add them to other foods as well.  They're not as sweet as Craisins, but we actually like them better.  We'll buy more and probably other dried fruit from the same vendor.",agree reviews product dried cranberries excellent eat snacks add foods well sweet craisins actually like better buy probably dried fruit vendor,0.8753,positive,0.1431818181818182,positive,positive
1,All of the cherry candys leaked out due to being crushed.  The Candy syrup stuck everything together.  I could not even get the paper off the second layer because of the gooey mess.  The chocolates were discolored.  When I previously ordered from Li'l Big Shots everything arrived in excellent condition.  Maybe ordering candy in the warm months is not a good idea.,cherry candys leaked due crushed candy syrup stuck everything together could even get paper second layer gooey mess chocolates discolored previously ordered li l big shots everything arrived excellent condition maybe ordering candy warm months good idea,-0.6604,negative,0.07592592592592591,positive,negative
5,"For a dark roast, the Peruvian Dark coffee is very smooth - no bitterness or excess acidity.  Excellent flavor and aroma.",dark roast peruvian dark coffee smooth bitterness excess acidity excellent flavor aroma,0.7369,positive,0.305,positive,positive
2,Hate the way manufacturers hide BEEF Extract in-between all the other garbage ingredients.<br />They need to be more forthcoming with the advent of so many people going vegan,hate way manufacturers hide beef extract garbage ingredients need forthcoming advent many people going vegan,-0.6597,negative,0.01874999999999999,abstain,negative
2,"When something is called a ""flavored"" variety pack, wouldn't you think it contained all flavored coffee?  It doesn't.  I should have read the description of what's actually contained in this variety pack more closely.  There are very few flavored coffee Kcups.  The whole thing is almost all a variety of different non-flavored coffee.  What a disappointment.",something called flavored variety pack think contained flavored coffee read description actually contained variety pack closely flavored coffee kcups whole thing almost variety different non flavored coffee disappointment,-0.5106,negative,-0.02666666666666666,abstain,negative
5,"*****<br /><br />Numi Tea's Morning Rise Breakfast Blend Black Tea is a premium Numi tea, both certified organic and kosher. The ingredients are fair trade certified organic Keemun black tea, fair trade certified organic Darjeeling black tea, fair trade certified organic Ceylon black tea, anfair trade certified organic Assam black tea. A powerful black tea blend indeed! There is nothing artificial in this or in any Numi tea.<br /><br />On the box, the manufacturer writes: ""Numi perfects the classic breakfast tea with this organic black tea blend, Morning Rise. Four of the most extraordinary black teas compose this hearty, complex, and exciting morning cup. Ceylon, gardened in the small and exotic country of Sri Lanka, bestows its strong yet smooth profile, while Indian grown Assam imparts a malty and robust depth. Keemun, from China, offers deep burgundy notes that complement the natural floral finish and fruity Muscatel of Darjeeling, cultivated on the mountain peaks of India. This rich, bold black tea blend has an unrivaled smoothness and a magnificent aroma resembling dawn's early warmth. Let the morning greet you through the radiant daybreak of Numi's superior Breakfast Blend.""<br /><br />It tastes strong and and is perfect for people who want a black tea that is not flowery or herbal-y but tasty, complex, and superb high-quality in the morning.<br /><br />If you like Numi teas, get it---you won't be sorry. If you are new to Numi but love black tea, this will probably be the best you've ever had.<br /><br />*****",numi tea morning rise breakfast blend black tea premium numi tea certified organic kosher ingredients fair trade certified organic keemun black tea fair trade certified organic darjeeling black tea fair trade certified organic ceylon black tea anfair trade certified organic assam black tea powerful black tea blend indeed nothing artificial numi tea box manufacturer writes numi perfects classic breakfast tea organic black tea blend morning rise four extraordinary black teas compose hearty complex exciting morning cup ceylon gardened small exotic country sri lanka bestows strong yet smooth profile indian grown assam imparts malty robust depth keemun china offers deep burgundy notes complement natural floral finish fruity muscatel darjeeling cultivated mountain peaks india rich bold black tea blend unrivaled smoothness magnificent aroma resembling dawn early warmth let morning greet radiant daybreak numi superior breakfast blend tastes strong perfect people want black tea flowery herbal tasty complex superb high quality morning like numi teas get sorry new numi love black tea probably best ever,0.9942,positive,0.19478935698447894,positive,positive
1,"This coffee literally stinks! Opened the bag, dripping with oils and I almost got sick from the smell. It is so strong in flavor you cannot make it drinkable. I find it bitter unless you add a ton of milk and sugar (not good). I do not understand all these good reviews (thats why I chose it)because it is hands down the worst coffee I have ever had!",coffee literally stinks opened bag dripping oils almost got sick smell strong flavor cannot make drinkable find bitter unless add ton milk sugar good understand good reviews thats chose hands worst coffee ever,-0.7764,negative,-0.2420634920634921,negative,negative
5,I have been ordeing this product for about a year now.  It is great coffee.  You should buy if you bold coffee.,ordeing product year great coffee buy bold coffee,0.7717,positive,0.5666666666666667,positive,positive
1,"Oops!  I purchased this product thinking it was a white chocolate or at least some kind of chocolate flavor. Boy was I wrong.  Way over the top sweet.  I have been giving it away to unsuspecting friends and relatives, but don't tell them I hate it.  Never again....",oops purchased product thinking white chocolate least kind chocolate flavor boy wrong way top sweet giving away unsuspecting friends relatives tell hate never,-0.501,negative,-0.021428571428571446,abstain,negative
5,"My Husband and his fellow soldiers love that I send snacks like the Slim-Jims because they are always appreciative of a quick, easy snack during their training exercises and on road marches. I prefer to buy in bulk, so that I know they are stocked, even temporarily. These meat sticks are thoroughly enjoyed, and the price can't be beat.",husband fellow soldiers love send snacks like slim jims always appreciative quick easy snack training exercises road marches prefer buy bulk know stocked even temporarily meat sticks thoroughly enjoyed price beat,0.9501,positive,0.47333333333333333,positive,positive
5,"The parchment paper was purchased for our chef at our Center, and he stated that not only was the price great on the parchment, but baked items do not stick to the parchment like the previous parchments he had used.  He was very well pleased with the product.",parchment paper purchased chef center stated price great parchment baked items stick parchment like previous parchments used well pleased product,0.921,positive,0.20555555555555557,positive,positive
5,"This oil is amazing. It smells good; like real coconut and I know what real coconut oil smells like and it's very light, so it doesn't feel like you're using a fatty product. I'm extremely satisfied with it. <a href=""http://www.amazon.com/gp/product/B002VLZ8D0"">Barlean's Organic Oils Extra Virgin Coconut Oil, 16-Ounce Jar</a>",oil amazing smells good like real coconut know real coconut oil smells like light feel like using fatty product extremely satisfied barlean organic oils extra virgin coconut oil ounce jar,0.9133,positive,0.31499999999999995,positive,positive
4,I bought these because I love hotdogs. I wanted to experience having a Chicago-dog alas I need sport peppers. I received my sport peppers in a timely manner and they were bubble wrapped.,bought love hotdogs wanted experience chicago dog alas need sport peppers received sport peppers timely manner bubble wrapped,0.4767,positive,0.04999999999999999,abstain,positive
2,"The Cookies and Cream flavor turned out to be a disappointment from the moment the carton was opened.  As other reviewers have mentioned the color is disturbing, an unappetizing solid purplish grey.  It's not an easy or very appealing color to describe.  The taste is similar.  At no time would I ever describe it as Cookies and Cream, it more of an overly sweetened bad vanilla?  I can't quite put my finger on what the flavor is.  Something went wrong in the Arctic Zero kitchen on this one.  It's not so bad that it has to go in the trash,(especially after the hefty price tag) but I have to add toppings to help it go down easier.<br />I've tried all the flavors (except the newest coffee flavor), and below is my flavor ranking.<br />1.Mint Chocolate Cookie<br />2.Chocolate<br />3.Chocolate Peanut Butter<br />4.Pumpkin<br />5.Strawberry Banana<br />6.Vanilla<br />7.Cookies and Cream",cookies cream flavor turned disappointment moment carton opened reviewers mentioned color disturbing unappetizing solid purplish grey easy appealing color describe taste similar time would ever describe cookies cream overly sweetened bad vanilla quite put finger flavor something went wrong arctic zero kitchen one bad go trash especially hefty price tag add toppings help go easier tried flavors except newest coffee flavor flavor ranking mint chocolate cookie chocolate chocolate peanut butter pumpkin strawberry banana vanilla cookies cream,-0.3942,negative,-0.18194444444444444,negative,negative
2,"Had ordered 1 LB Extract Grade Madagascar Vanilla Beans ... they had a very smoky off flavoring , I use to make my own vanilla extract and vanilla rum.. thankfully did not use in my 2 yr old master batch of vanilla extract.. I initially used to put up a bottle of vanilla rum.. while very good sippping cold is not good for baking. Not sure if were smoke dried or how it picked up the smoke off note but was way too overwhelming for baking purposes.. in all fairness have not contacted the supplier, will email today, will follow-up on that. But at this time cannot recommend... best I can use them for is drinking spirits, savory dishes (yes do put vanilla bean in various rubs) and simmering liquid to freshen house. Was too expensive for that use.",ordered lb extract grade madagascar vanilla beans smoky flavoring use make vanilla extract vanilla rum thankfully use yr old master batch vanilla extract initially used put bottle vanilla rum good sippping cold good baking sure smoke dried picked smoke note way overwhelming baking purposes fairness contacted supplier email today follow time cannot recommend best use drinking spirits savory dishes yes put vanilla bean various rubs simmering liquid freshen house expensive use,-0.4319,negative,0.10846153846153846,positive,negative
1,Very bitter and cheap taste. Had not previously tried before. Very disappointed. Definitely would not recommend and won't buy again.,bitter cheap taste previously tried disappointed definitely would recommend buy,-0.6826,negative,-0.12433333333333337,negative,negative
5,"These crunchy cat treats are favorites for both my cats. Need I say ""picky?"" Even my vet sells them (for much more than this). Now, when I offer them any other kind, they walk away. I was surprised and thrilled that they both like them. Yay!",crunchy cat treats favorites cats need say picky even vet sells much offer kind walk away surprised thrilled like yay,0.945,positive,0.365,positive,positive
